Workbook
Name categories: #REF!
Name CATEGORY: [1]Categories!$C:$C
Name cle.code: '[2]DMS.core Code List Elements'!$B$1:$B$757
Name cle.type: '[2]DMS.core Code List Elements'!$A$1:$A$757
Name CODELIST: [1]CodeList!$C:$C
Name CODELIST2: [3]CodeList!$C:$C
Name CODELISTS: #REF!
Name codes: #REF!
Name LASTCODELIST: #REF!
Name OnCODELIST: #REF!
Name wertyhuj: '[4]DMS.core Code Lists'!$B$2:$B$505

Sheet Front Sheet
B4: Document name: | D4: IM and EX Procedure Codes
B5: Instructions: | D5: on the 'Import_Add_Poc_(DE1_11)' and 'Export_Add_Proc_(DE1_11)' sheets - Data entered in the 'Permitted', 'Restricted' and 'Not Permitted' columns should consist only of valid comma-separated Document Types (A,B,C,D,E,F,J,K,Y,Z,Q), without any spaces or any other text or description. Any other information, such as details of the applicable restrictions, or EIDR and SDP applicability / restrictions, should be entered in the Comments column only. This is required to enable the 'read-only' sheets to work correctly. - Each Document Type should appear exactly once for each row, across the above three columns on the Exports sheet (same rule applies on the Imports sheet) - in other words, each Document Type must be clearly classified as one of P (permitted), R (restricted), or N (not permitted) - if mentioned exactly once, the corresponding value (P, R, or N) is displayed in the column for that Declaration Type on the ReadOnly sheet, with the appropriate conditional formatting - if not mentioned, or mentioned more than once, an asterisk is displayed instead, with appropriate conditional formatting - Also note, do not use font colouring or strike-through to retain deleted information. This will mess up the 'read-only' sheets. Instead, use this Front Sheet to track changes.
B6: Explanation: | D6: A couple of intermediate sheets have been protected and hidden.The ReadOnly sheets have been protected. There is NO password, they can be unhidden / unprotected if required to fix any issues (e.g. change the number of lines with the formulae - currently upto row 300) This has been done only to avoid any inadvertent errors.
B7: ReadOnly Sheets: | D7: When 'machine-reading' the ReadOnly sheets, check whether any of the Document Types has an asterisk instead of the P / R / N values. If so, alert a human to investigate.
B9: Version reference | D9: Update | K9: Date
B10: V2.3 | D10: Amended Read-only Sheets conditional formatting to blank out rows where column A is blank | K10: 45128
B11: V2.2 | D11: Amended Front Sheet to enhance the "Instructions" and add the "ReadOnly Sheets" rows | K11: 45119
B12: V2.1 | D12: Amended on SWD request to make it more amenable to automated data extraction - added a 'C21i' column for Imports, and a 'C21e' column for exports - added two intermediate hidden sheets to reduce likelihood of errors on the read-only sheets when changes are made on the editable DE1-11 sheets | K12: 45118
B13: V2.0 | D13: Amended on SWD request to make it more amenable to automated data extraction - added a 'Restricted' column to 'Import_Add_Poc_(DE1_11)' and 'Export_Add_Proc_(DE1_11)' sheets - added a 'C21i' column for Imports, and a 'C21e' column for exports - added two 'read-only' sheets to present the 'Import_Add_Poc_(DE1_11)' and 'Export_Add_Proc_(DE1_11)' data in a more automation-amenable format | K13: 45086
B14: <none> | D14: existing document on HMRC Developer Hub (in directory 'CDS 06 - Tariff Manual' within CDS_Technical_Documentation.zip) | K14: 45071

Sheet Declaration_categories
A1: Procedure codes used in the context of customs declarations Annex B to delegated Regulations (EU 2015/2446)
A2: Declaration Category | B2: Declarations | C2: Union Procedure codes (requested procedure only)
A3: Import
A4: H1 | B4: Declaration for release for free circulation and special procedure - specific use - declaration for end use | C4: 01, 07, 40, 42, 44, 61
A5: H2 | B5: Special procedure - storage - declaration for customs warehousing | C5: 71
A6: H3 | B6: Special procedure - specific use - declaration for temporary admission | C6: 53
A7: H4 | B7: Special procedure - specific use - declaration for inward processing | C7: 51
A8: H5 | B8: Declaration for the introduction of goods in the context of trade with special fiscal territories | C8: 40, 42, 61
A9: I1 | B9: Import Simplified declaration | C9: 01, 07, 40, 42, 44, 51, 53, 61, 71
A10: C21i | B10: Import Customs Clearance Request | C10: 00
A11: C21i EIDR NOP | B11: Import Customs Clearance Request - EIDR Notice of Presentation | C11: 40, 44, 51, 61,71
A13: Export
A14: B1 | B14: Export declaration and re-export declaration | C14: 10, 11, 23, 31
A15: B2 | B15: Special procedure - processing - declaration for outward processing | C15: 21, 22
A16: B4 | B16: Declaration for dispatch of goods in the context of trade with special fiscal territories | C16: 10, 11, 23,31
A17: C1 | B17: Export simplified declaration | C17: 10, 11, 23, 31
A18: C21e | B18: Export Customs Clearance Request | C18: 00
A19: C21e EIDR NOP | B19: Export Customs Clearance Request - EIDR Notice of Presentation | C19: 10,23,31

Sheet Import_Procedure_(DE1-10)
A1: Procedure codes | B1: Declaration category | C1: Dec Type | D1: Add. Dec Type
A2: 4000 | B2: H1, H5, I1 & C21iEIDR | C2: IM, CO | D2: A, B, C, D, E, F, J, K, Y, Z
A3: 4078 | B3: H1, H5, I1 & C21iEIDR | C3: IM, CO | D3: A, B, C, J, Y, Z
A4: 4400 | B4: H1, I1 & C21iEIDR | C4: IM | D4: A, B, C, D, E, F, J, K, Y, Z
A5: 5100 | B5: H4, I1 & C21iEIDR | C5: IM, CO | D5: A, C, D, F, J, K, Y, Z
A6: 5300 | B6: H3, I1 & C21iEIDR | C6: IM, CO | D6: A, C, D, F, J, K, Y, Z
A7: 6110 | B7: H1, H5, I1 & C21iEIDR | C7: IM, CO | D7: A, C, D, F, J, K, Y, Z
A8: 6111 | B8: H1, H5, I1 & C21iEIDR | C8: IM, CO | D8: A, C, D, F, J, K, Y, Z
A9: 6123 | B9: H1, H5, I1 & C21iEIDR | C9: IM, CO | D9: A, C, D, F, J, K, Y, Z
A10: 6131 | B10: H1, H5, I1 & C21iEIDR | C10: IM, CO | D10: A, C, D, F, J, K, Y, Z
A11: 7100 | B11: H2, I1 & C21iEIDR | C11: IM, CO | D11: A, C, D, F, J, K
A12: 7110 | B12: H2, I1 & C21iEIDR | C12: IM, CO | D12: A, C, D, F, J, K
A13: 7123 | B13: H2, I1 & C21iEIDR | C13: IM, CO | D13: A, C, D, F, J, K
A14: Note - For the purposes of this document, the main list of import procedure codes has been reduced to show only those involving EIDR
A16: C21i
A17: 0002 | B17: C21i | C17: IM, CO | D17: J, K
A18: 0003 | B18: C21i | C18: IM, CO | D18: J, K
A19: 0004 | B19: C21i | C19: IM, CO | D19: J, K
A20: 0005 | B20: C21i | C20: IM, CO | D20: J, K
A21: 0006 | B21: C21i | C21: IM | D21: J, K
A22: 0007 | B22: C21i | C22: IM, CO | D22: J, K
A23: 0008 | B23: C21i | C23: IM, CO | D23: J, K
A24: 0009 | B24: C21i | C24: IM | D24: J

Sheet Export_Procedure_(DE1-10)
A1: Procedure codes | B1: Declaration category | C1: Dec Type | D1: Add. Dec Type | E1: Comments
A2: 1040 | B2: B1, B4, C1, C21eEIDR | C2: EX, CO | D2: A, B, C, D, E, F, J, K, Y, Z
A3: 1044 | B3: B1, C1, C21eEIDR | C3: EX | D3: A, C, D, F, J, K, Y, Z
A4: 2300 | B4: B1, B4, C1, C21eEIDR | C4: EX, CO | D4: D, F, K, J, Y, Z
A5: 3151 | B5: B1, B4, C1, C21eEIDR | C5: EX, CO | D5: A, C, D, F, J, K, Y, Z
A6: 3153 | B6: B1, B4, C1, C21eEIDR | C6: EX, CO | D6: A, C, D, F, J, K, Y, Z
A7: 3171 | B7: B1, B4, C1, C21eEIDR | C7: EX, CO | D7: A, C, D, F, J, K, Y, Z
A8: 3178 | B8: B1, B4, C1, C21eEIDR | C8: EX, CO | D8: A, C, D, F, J, K, Y, Z | E8: Export from a Free Zone is now covered by a C21e
A9: Note - For the purposes of this document, the main list of export procedure codes has been reduced to show only those involving EIDR
A11: C21e
A12: 0012 | B12: C21e | C12: EX, CO | D12: J, K | E12: Additional Declaration Type J no longer permitted
A13: 0014 | B13: C21e | C13: EX, CO | D13: J, K | E13: Additional Declaration Type J no longer permitted Declaration type CO no longer permitted
A14: 0015 | B14: C21e | C14: EX, CO | D14: J, K | E14: Additional Declaration Type J no longer permitted
A15: 0016 | B15: C21e | C15: EX, CO | D15: J, K | E15: Additional Declaration Type J no longer permitted
A16: 0017 | B16: C21e | C16: EX, CO | D16: J, K | E16: Additional Declaration Type J no longer permitted
A17: 0018 | B17: C21e | C17: EX, CO | D17: J, K | E17: Additional Declaration Type J no longer permitted
A18: 0019 | B18: C21e | C18: EX | D18: J, K | E18: Additional Declaration Type J no longer permitted

Sheet Import_Add_Proc_(DE1-11)
A1: DE 1/11 | B1: C21i | C1: PERMITTED | D1: RESTRICTED | E1: NOT PERMITTED | F1: Comments
A2: A04 | B2: N | C2: A,C,D,F,J,K,Y,Z | E2: B,E,Q
A3: B02 | B3: N | C3: A,C,D,F,Y | E3: B,E,J,K,Z,Q | F3: EIDR not permitted
A4: B03 | B4: N | C4: A,C,D,F,Y | E4: B,E,J,K,Z,Q | F4: EIDR not permitted
A5: B06 | B5: N | C5: A,C,D,F,Y | E5: B,E,J,K,Z,Q | F5: EIDR not permitted
A6: C01 | B6: N | C6: A,D | E6: B,E,C,F,J,K,Y,Z,Q | F6: EIDR & SDP not permitted
A7: C02 | B7: N | C7: A,D | E7: B,E,C,F,J,K,Y,Z,Q | F7: EIDR & SDP not permitted
A8: C03 | B8: N | C8: A,D | E8: B,E,C,F,J,K,Y,Z,Q | F8: EIDR & SDP not permitted
A9: C04 | B9: N | C9: A,D | D9: C,F,J,K,Y,Z | E9: B,E,Q | F9: EIDR & SDP only with rep status 3
A10: C06 | B10: N | C10: A,D,C,F,J,K,Y,Z | E10: B,E,Q
A11: C07 | B11: N | C11: A,B,D,E,C,F,J,K,Y,Z | E11: Q
A12: C08 | B12: N | C12: A,B,D,E | D12: C,F,J,K,Y,Z | E12: Q | F12: EIDR & SDP only with rep status 3
A13: C09 | B13: N | C13: A,C,D,F,J,K,Y,Z | E13: B,E,Q
A14: C10 | B14: N | C14: A,C,D,F,J,K,Y,Z | E14: B,E,Q
A15: C11 | B15: N | C15: A,C,D,F,J,K,Y,Z | E15: B,E,Q
A16: C12 | B16: N | C16: A,C,D,F,J,K,Y,Z | E16: B,E,Q
A17: C13 | B17: N | C17: A,C,D,F,J,K,Y,Z | E17: B,E,Q
A18: C14 | B18: N | C18: A,C,D,F,J,K,Y,Z | E18: B,E,Q
A19: C15 | B19: N | C19: A,C,D,F,Y | E19: B,E,J,K,Z,Q | F19: EIDR not permitted
A20: C16 | B20: N | C20: A,C,D,F,J,K,Y,Z | E20: B,E,Q
A21: C17 | B21: N | C21: A,C,D,F,J,K,Y,Z | E21: B,E,Q
A22: C18 | B22: N | C22: A,C,D,F,Y, | E22: B,E,J,K,Z,Q | F22: EIDR not permitted
A23: C19 | B23: N | C23: A,D | D23: C,F,J,K,Y,Z | E23: B,E,Q | F23: EIDR & SDP only with rep status 3
A24: C20 | B24: N | C24: A,C,D,F,J,K,Y,Z | E24: B,E,Q
A25: C21 | B25: N | C25: A,C,D,F,J,K,Y,Z | E25: B,E,Q
A26: C22 | B26: N | C26: A,D | D26: C,F,J,K,Y,Z | E26: B,E,Q | F26: EIDR & SDP only with rep status 3
A27: C23 | B27: N | C27: A,C,D,F,J,K,Y,Z | E27: B,E,Q
A28: C24 | B28: N | C28: A,D | D28: C,F,J,K,Y,Z | E28: B,E,Q | F28: EIDR & SDP only with rep status 3
A29: C25 | B29: N | C29: A,C,D,F,J,K,Y,Z | E29: B,E,Q
A30: C26 | B30: N | C30: A,C,D,F,J,K,Y,Z | E30: B,E,Q
A31: C27 | B31: N | C31: A,D | D31: C,F,J,K,Y,Z | E31: B,E,Q | F31: EIDR & SDP only with rep status 3
A32: C28 | B32: N | C32: A,D | D32: C,F,J,K,Y,Z | E32: B,E,Q | F32: EIDR & SDP only with rep status 3
A33: C29 | B33: N | C33: A,D | D33: C,F,J,K,Y,Z | E33: B,E,Q | F33: EIDR & SDP only with rep status 3
A34: C30 | B34: N | C34: A,B,C,D,E,F,J,K,Y,Z | E34: Q
A35: C31 | B35: N | C35: A,C,D,F,J,K,Y,Z | E35: B,E,Q
A36: C32 | B36: N | C36: A,C,D,F,J,K,Y,Z | E36: B,E,Q
A37: C33 | B37: N | C37: A,C,D,F,Y, | E37: B,E,J,K,Z,Q | F37: EIDR not permitted
A38: C34 | B38: N | C38: A,C,D,F,J,K,Y,Z | E38: B,E,Q
A39: C35 | B39: N | C39: A,C,D,F,J,K,Y,Z | E39: B,E,Q
A40: C36 | B40: N | C40: A,C,D,F,J,K,Y,Z | E40: B,E,Q
A41: C37 | B41: N | C41: A,C,D,F,J,K,Y,Z | E41: B,E,Q
A42: C38 | B42: N | C42: A,C,D,F,J,K,Y,Z | E42: B,E,Q
A43: C39 | B43: N | C43: A,C,D,F,Y, | E43: B,E,J,K,Z,Q | F43: EIDR not permitted
A44: C40 | B44: N | C44: A,D | D44: C,F,J,K,Y,Z | E44: B,E,Q | F44: EIDR & SDP only with rep status 3
A45: C41 | B45: N | C45: A,D | E45: B,E,C,F,J,K,Y,Z,Q | F45: EIDR & SDP not permitted
A46: C42 | B46: N | C46: A,D | E46: B,E,C,F,J,K,Y,Z,Q | F46: EIDR & SDP not permitted
A47: C43 | B47: N | C47: A,D | E47: B,E,C,F,J,K,Y,Z,Q | F47: EIDR & SDP not permitted
A48: C44 | B48: N | C48: A,D | E48: B,E,C,F,J,K,Y,Z,Q | F48: EIDR & SDP not permitted
A49: C45 | B49: N | C49: A,C,D,F,Y | D49: J,K,Z | E49: B,E,Q | F49: EIDR cannot be used if licence/permit required
A50: C46 | B50: N | C50: A,C,D,F,Y | D50: J,K,Z | E50: B,E,Q | F50: EIDR cannot be used if licence/permit required
A51: C47 | B51: N | C51: A,C,D,F,Y | D51: J,K,Z | E51: B,E,Q | F51: EIDR cannot be used if licence/permit required
A52: C48 | B52: N | C52: A,D | E52: B,E,C,F,J,K,Y,Z,Q | F52: EIDR & SDP not permitted
A53: C49 | B53: N | C53: A,C,D,F,J,K,Y,Z | E53: B,E,Q
A54: C50 | B54: N | C54: A,C,D,F,J,K,Y,Z | E54: B,E,Q
A55: C51 | B55: N | C55: A,D | D55: C,F,J,K,Y,Z | E55: B,E,Q | F55: EIDR & SDP only with rep status 3
A56: C52 | B56: N | C56: A,D | D56: C,F,J,K,Y,Z | E56: B,E,Q | F56: EIDR & SDP only with rep status 3
A57: C53 | B57: N | C57: A,D | D57: C,F,J,K,Y,Z | E57: B,E,Q | F57: EIDR & SDP only with rep status 3
A58: C54 | B58: N | C58: A,D | D58: C,F,J,K,Y,Z | E58: B,E,Q | F58: EIDR & SDP only with rep status 3
A59: C55 | B59: N | C59: A,D | D59: C,F,J,K,Y,Z | E59: B,E,Q | F59: EIDR & SDP only with rep status 3
A60: C56 | B60: N | C60: A,C,D,F,J,K,Y,Z | E60: B,E,Q
A61: C57 | B61: N | C61: A,C,D,F,J,K,Y,Z | E61: B,E,Q
A62: C58 | B62: N | C62: A,C,D,F,J,K,Y,Z | E62: B,E,Q
A63: C59 | B63: N | C63: A,C,D,F,J,K,Y,Z | E63: B,E,Q
A64: C60 | B64: N | C64: A,D | E64: B,E,C,F,J,K,Y,Z,Q | F64: EIDR & SDP not permitted
A65: C61 | B65: N | C65: A,D | E65: B,E,C,F,J,K,Y,Z,Q | F65: EIDR & SDP not permitted
A66: D01 | B66: N | C66: A,C,D,F,J,K,Y,Z | E66: B,E,Q | F66: EIDR/SDP not permitted if using Authorisation by Declaration
A67: D02 | B67: N | C67: A,C,D,F,J,K,Y,Z | E67: B,E,Q | F67: EIDR/SDP not permitted if using Authorisation by Declaration
A68: D03 | B68: N | C68: A,C,D,F,J,K,Y,Z | E68: B,E,Q | F68: EIDR/SDP not permitted if using Authorisation by Declaration
A69: D04 | B69: N | C69: A,C,D,F,J,K,Y,Z | E69: B,E,Q | F69: EIDR/SDP not permitted if using Authorisation by Declaration
A70: D05 | B70: N | C70: A,C,D,F,J,K,Y,Z | E70: B,E,Q | F70: EIDR/SDP not permitted if using Authorisation by Declaration
A71: D06 | B71: N | C71: A,C,D,F,J,K,Y,Z | E71: B,E,Q | F71: EIDR/SDP not permitted if using Authorisation by Declaration
A72: D07 | B72: N | C72: A,C,D,F,J,K,Y,Z | E72: B,E,Q | F72: EIDR/SDP not permitted if using Authorisation by Declaration
A73: D08 | B73: N | C73: A,C,D,F,J,K,Y,Z | E73: B,E,Q | F73: EIDR/SDP not permitted if using Authorisation by Declaration
A74: D09 | B74: N | C74: A,C,D,F,J,K,Y,Z | E74: B,E,Q | F74: EIDR/SDP not permitted if using Authorisation by Declaration
A75: D10 | B75: N | C75: A,C,D,F,J,K,Y,Z | E75: B,E,Q | F75: EIDR/SDP not permitted if using Authorisation by Declaration
... A97: E02 | B97: N | C97: A,C,D,F,Y | E97: B,E,J,K,Z,Q | F97: EIDR not permitted
A98: F01 | B98: N | C98: A,C,D,F,Y | D98: J,K,Z | E98: B,E,Q | F98: EIDR not permitted if using INF doc
A99: F02 | B99: N | C99: A,C,D,F,Y | D99: J,K,Z | E99: B,E,Q | F99: EIDR not permitted if using INF doc
A100: F03 | B100: N | C100: A,C,D,F,Y | D100: J,K,Z | E100: B,E,Q | F100: EIDR not permitted if using INF doc
A101: F04 | B101: N | C101: A,C,D,F,Y | D101: J,K,Z | E101: B,E,Q | F101: EIDR not permitted if using INF doc
A102: F05 | B102: N | C102: A,C,D,F,Y | D102: J,K,Z | E102: B,E,Q | F102: EIDR not permitted if using INF doc
A103: F06 | B103: N | C103: A,C,D,F,Y | D103: Z | E103: B,E,J,K,Q | F103: EIDR only if removing from customs warehouse in which case DE 1/10 does not permit J or K
A104: F07 | B104: N | C104: A,C,D,F,Y | D104: J,K,Z | E104: B,E,Q | F104: EIDR not permitted if using INF doc
A105: F15 | B105: N | C105: A,C,D,F,Y | D105: J,K,Z | E105: B,E,Q | F105: EIDR cannot be used if the requested procedure is 01, 07 or 42
A106: F21 | B106: N | C106: A,C,D,F,Y | D106: J,K,Z | E106: B,E,Q | F106: EIDR cannot be used if licence/permit required
A107: F22 | B107: N | C107: A,C,D,F,Y | D107: J,K,Z | E107: B,E,Q | F107: EIDR cannot be used if licence/permit required
A108: F44 | B108: N | C108: A,C,D,F,J,K,Y,Z | E108: B,E,Q
A109: F45 | B109: N | C109: A,C,D,F,J,K,Y,Z | D109: B,E | E109: Q | F109: EIDR and SDP restrictions shown against the C-series code used with F45 will apply to F45. B & E only with C30.
A110: 1AT | B110: N | E110: A,B,C,D,E,F,J,K,Y,Z,Q | F110: No longer in use
A111: 1BN | B111: N | C111: A,C,D,F | E111: B,E,J,K,Y,Z,Q | F111: EIDR not permitted, 1BN not used on supp/amended dec
A112: 1CD | B112: N | C112: C,F,Y | E112: A,B,D,E,J,K,Z,Q | F112: EIDR not permitted
A113: 1CG | B113: N | C113: C,F,Y | E113: A,B,D,E,J,K,Z,Q | F113: EIDR not permitted
A114: 1CL | B114: N | C114: A,D | E114: B,E,C,F,J,K,Y,Z,Q | F114: EIDR & SDP not permitted
A115: 1DP | B115: N | C115: A,B,C,D,E,F,J,K,Y,Z | E115: Q
A116: 1ES | B116: N | C116: A,C,D,F,J,K,Y,Z | E116: B,E,Q
A117: 1EX | B117: N | C117: A,C,D,F,Y | E117: B,E,J,K,Z,Q | F117: EIDR not permitted
A118: 1IE | B118: N | C118: A,C,D,F,Y | D118: J,K,Z | E118: B,E,Q | F118: EIDR not permitted if using INF doc
A119: 1IL | B119: N | C119: A,B,C,D,E,F,J,K,Y,Z | E119: Q
A120: 1LV | B120: N | C120: A,B,D,E | E120: C,F,J,K,Y,Z,Q | F120: EIDR & SDP not permitted
A121: 1MO | B121: N | C121: A,B,C,D,E,F,J,K,Y,Z | E121: Q
...

Sheet Import_Add_Proc_(DE1-11) NEW
A1: DE 1/11 | B1: C21i | C1: PERMITTED | D1: RESTRICTED | E1: NOT PERMITTED | F1: Comments
A2: {=IF(ISBLANK(INDIRECT("'Import_Add_Proc_(DE1-11)'!R"&ROW()&"C"&COLUMN(),FALSE)),"",INDIRECT("'Import_Add_Proc_(DE1-11)'!R"&ROW()&"C"&COLUMN(),FALSE))} -> A04 | B2: {=IF(ISBLANK(INDIRECT("'Import_Add_Proc_(DE1-11)'!R"&ROW()&"C"&COLUMN(),FALSE)),"",INDIRECT("'Import_Add_Proc_(DE1-11)'!R"&ROW()&"C"&COLUMN(),FALSE))} -> N | C2: {=IF(ISBLANK(INDIRECT("'Import_Add_Proc_(DE1-11)'!R"&ROW()&"C"&COLUMN(),FALSE)),"",INDIRECT("'Import_Add_Proc_(DE1-11)'!R"&ROW()&"C"&COLUMN(),FALSE))} -> A,C,D,F,J,K,Y,Z | D2: {=IF(ISBLANK(INDIRECT("'Import_Add_Proc_(DE1-11)'!R"&ROW()&"C"&COLUMN(),FALSE)),"",INDIRECT("'Import_Add_Proc_(DE1-11)'!R"&ROW()&"C"&COLUMN(),FALSE))} | E2: {=IF(ISBLANK(INDIRECT("'Import_Add_Proc_(DE1-11)'!R"&ROW()&"C"&COLUMN(),FALSE)),"",INDIRECT("'Import_Add_Proc_(DE1-11)'!R"&ROW()&"C"&COLUMN(),FALSE))} -> B,E,Q | F2: {=IF(ISBLANK(INDIRECT("'Import_Add_Proc_(DE1-11)'!R"&ROW()&"C"&COLUMN(),FALSE)),"",INDIRECT("'Import_Add_Proc_(DE1-11)'!R"&ROW()&"C"&COLUMN(),FALSE))}
A3: {=IF(ISBLANK(INDIRECT("'Import_Add_Proc_(DE1-11)'!R"&ROW()&"C"&COLUMN(),FALSE)),"",INDIRECT("'Import_Add_Proc_(DE1-11)'!R"&ROW()&"C"&COLUMN(),FALSE))} -> B02 | B3: {=IF(ISBLANK(INDIRECT("'Import_Add_Proc_(DE1-11)'!R"&ROW()&"C"&COLUMN(),FALSE)),"",INDIRECT("'Import_Add_Proc_(DE1-11)'!R"&ROW()&"C"&COLUMN(),FALSE))} -> N | C3: {=IF(ISBLANK(INDIRECT("'Import_Add_Proc_(DE1-11)'!R"&ROW()&"C"&COLUMN(),FALSE)),"",INDIRECT("'Import_Add_Proc_(DE1-11)'!R"&ROW()&"C"&COLUMN(),FALSE))} -> A,C,D,F,Y | D3: {=IF(ISBLANK(INDIRECT("'Import_Add_Proc_(DE1-11)'!R"&ROW()&"C"&COLUMN(),FALSE)),"",INDIRECT("'Import_Add_Proc_(DE1-11)'!R"&ROW()&"C"&COLUMN(),FALSE))} | E3: {=IF(ISBLANK(INDIRECT("'Import_Add_Proc_(DE1-11)'!R"&ROW()&"C"&COLUMN(),FALSE)),"",INDIRECT("'Import_Add_Proc_(DE1-11)'!R"&ROW()&"C"&COLUMN(),FALSE))} -> B,E,J,K,Z,Q | F3: {=IF(ISBLANK(INDIRECT("'Import_Add_Proc_(DE1-11)'!R"&ROW()&"C"&COLUMN(),FALSE)),"",INDIRECT("'Import_Add_Proc_(DE1-11)'!R"&ROW()&"C"&COLUMN(),FALSE))} -> EIDR not permitted
A4: {=IF(ISBLANK(INDIRECT("'Import_Add_Proc_(DE1-11)'!R"&ROW()&"C"&COLUMN(),FALSE)),"",INDIRECT("'Import_Add_Proc_(DE1-11)'!R"&ROW()&"C"&COLUMN(),FALSE))} -> B03 | B4: {=IF(ISBLANK(INDIRECT("'Import_Add_Proc_(DE1-11)'!R"&ROW()&"C"&COLUMN(),FALSE)),"",INDIRECT("'Import_Add_Proc_(DE1-11)'!R"&ROW()&"C"&COLUMN(),FALSE))} -> N | C4: {=IF(ISBLANK(INDIRECT("'Import_Add_Proc_(DE1-11)'!R"&ROW()&"C"&COLUMN(),FALSE)),"",INDIRECT("'Import_Add_Proc_(DE1-11)'!R"&ROW()&"C"&COLUMN(),FALSE))} -> A,C,D,F,Y | D4: {=IF(ISBLANK(INDIRECT("'Import_Add_Proc_(DE1-11)'!R"&ROW()&"C"&COLUMN(),FALSE)),"",INDIRECT("'Import_Add_Proc_(DE1-11)'!R"&ROW()&"C"&COLUMN(),FALSE))} | E4: {=IF(ISBLANK(INDIRECT("'Import_Add_Proc_(DE1-11)'!R"&ROW()&"C"&COLUMN(),FALSE)),"",INDIRECT("'Import_Add_Proc_(DE1-11)'!R"&ROW()&"C"&COLUMN(),FALSE))} -> B,E,J,K,Z,Q | F4: {=IF(ISBLANK(INDIRECT("'Import_Add_Proc_(DE1-11)'!R"&ROW()&"C"&COLUMN(),FALSE)),"",INDIRECT("'Import_Add_Proc_(DE1-11)'!R"&ROW()&"C"&COLUMN(),FALSE))} -> EIDR not permitted
A5: {=IF(ISBLANK(INDIRECT("'Import_Add_Proc_(DE1-11)'!R"&ROW()&"C"&COLUMN(),FALSE)),"",INDIRECT("'Import_Add_Proc_(DE1-11)'!R"&ROW()&"C"&COLUMN(),FALSE))} -> B06 | B5: {=IF(ISBLANK(INDIRECT("'Import_Add_Proc_(DE1-11)'!R"&ROW()&"C"&COLUMN(),FALSE)),"",INDIRECT("'Import_Add_Proc_(DE1-11)'!R"&ROW()&"C"&COLUMN(),FALSE))} -> N | C5: {=IF(ISBLANK(INDIRECT("'Import_Add_Proc_(DE1-11)'!R"&ROW()&"C"&COLUMN(),FALSE)),"",INDIRECT("'Import_Add_Proc_(DE1-11)'!R"&ROW()&"C"&COLUMN(),FALSE))} -> A,C,D,F,Y | D5: {=IF(ISBLANK(INDIRECT("'Import_Add_Proc_(DE1-11)'!R"&ROW()&"C"&COLUMN(),FALSE)),"",INDIRECT("'Import_Add_Proc_(DE1-11)'!R"&ROW()&"C"&COLUMN(),FALSE))} | E5: {=IF(ISBLANK(INDIRECT("'Import_Add_Proc_(DE1-11)'!R"&ROW()&"C"&COLUMN(),FALSE)),"",INDIRECT("'Import_Add_Proc_(DE1-11)'!R"&ROW()&"C"&COLUMN(),FALSE))} -> B,E,J,K,Z,Q | F5: {=IF(ISBLANK(INDIRECT("'Import_Add_Proc_(DE1-11)'!R"&ROW()&"C"&COLUMN(),FALSE)),"",INDIRECT("'Import_Add_Proc_(DE1-11)'!R"&ROW()&"C"&COLUMN(),FALSE))} -> EIDR not permitted
A6: {=IF(ISBLANK(INDIRECT("'Import_Add_Proc_(DE1-11)'!R"&ROW()&"C"&COLUMN(),FALSE)),"",INDIRECT("'Import_Add_Proc_(DE1-11)'!R"&ROW()&"C"&COLUMN(),FALSE))} -> C01 | B6: {=IF(ISBLANK(INDIRECT("'Import_Add_Proc_(DE1-11)'!R"&ROW()&"C"&COLUMN(),FALSE)),"",INDIRECT("'Import_Add_Proc_(DE1-11)'!R"&ROW()&"C"&COLUMN(),FALSE))} -> N | C6: {=IF(ISBLANK(INDIRECT("'Import_Add_Proc_(DE1-11)'!R"&ROW()&"C"&COLUMN(),FALSE)),"",INDIRECT("'Import_Add_Proc_(DE1-11)'!R"&ROW()&"C"&COLUMN(),FALSE))} -> A,D | D6: {=IF(ISBLANK(INDIRECT("'Import_Add_Proc_(DE1-11)'!R"&ROW()&"C"&COLUMN(),FALSE)),"",INDIRECT("'Import_Add_Proc_(DE1-11)'!R"&ROW()&"C"&COLUMN(),FALSE))} | E6: {=IF(ISBLANK(INDIRECT("'Import_Add_Proc_(DE1-11)'!R"&ROW()&"C"&COLUMN(),FALSE)),"",INDIRECT("'Import_Add_Proc_(DE1-11)'!R"&ROW()&"C"&COLUMN(),FALSE))} -> B,E,C,F,J,K,Y,Z,Q | F6: {=IF(ISBLANK(INDIRECT("'Import_Add_Proc_(DE1-11)'!R"&ROW()&"C"&COLUMN(),FALSE)),"",INDIRECT("'Import_Add_Proc_(DE1-11)'!R"&ROW()&"C"&COLUMN(),FALSE))} -> EIDR & SDP not permitted
A7: {=IF(ISBLANK(INDIRECT("'Import_Add_Proc_(DE1-11)'!R"&ROW()&"C"&COLUMN(),FALSE)),"",INDIRECT("'Import_Add_Proc_(DE1-11)'!R"&ROW()&"C"&COLUMN(),FALSE))} -> C02 | B7: {=IF(ISBLANK(INDIRECT("'Import_Add_Proc_(DE1-11)'!R"&ROW()&"C"&COLUMN(),FALSE)),"",INDIRECT("'Import_Add_Proc_(DE1-11)'!R"&ROW()&"C"&COLUMN(),FALSE))} -> N | C7: {=IF(ISBLANK(INDIRECT("'Import_Add_Proc_(DE1-11)'!R"&ROW()&"C"&COLUMN(),FALSE)),"",INDIRECT("'Import_Add_Proc_(DE1-11)'!R"&ROW()&"C"&COLUMN(),FALSE))} -> A,D | D7: {=IF(ISBLANK(INDIRECT("'Import_Add_Proc_(DE1-11)'!R"&ROW()&"C"&COLUMN(),FALSE)),"",INDIRECT("'Import_Add_Proc_(DE1-11)'!R"&ROW()&"C"&COLUMN(),FALSE))} | E7: {=IF(ISBLANK(INDIRECT("'Import_Add_Proc_(DE1-11)'!R"&ROW()&"C"&COLUMN(),FALSE)),"",INDIRECT("'Import_Add_Proc_(DE1-11)'!R"&ROW()&"C"&COLUMN(),FALSE))} -> B,E,C,F,J,K,Y,Z,Q | F7: {=IF(ISBLANK(INDIRECT("'Import_Add_Proc_(DE1-11)'!R"&ROW()&"C"&COLUMN(),FALSE)),"",INDIRECT("'Import_Add_Proc_(DE1-11)'!R"&ROW()&"C"&COLUMN(),FALSE))} -> EIDR & SDP not permitted
A8: {=IF(ISBLANK(INDIRECT("'Import_Add_Proc_(DE1-11)'!R"&ROW()&"C"&COLUMN(),FALSE)),"",INDIRECT("'Import_Add_Proc_(DE1-11)'!R"&ROW()&"C"&COLUMN(),FALSE))} -> C03 | B8: {=IF(ISBLANK(INDIRECT("'Import_Add_Proc_(DE1-11)'!R"&ROW()&"C"&COLUMN(),FALSE)),"",INDIRECT("'Import_Add_Proc_(DE1-11)'!R"&ROW()&"C"&COLUMN(),FALSE))} -> N | C8: {=IF(ISBLANK(INDIRECT("'Import_Add_Proc_(DE1-11)'!R"&ROW()&"C"&COLUMN(),FALSE)),"",INDIRECT("'Import_Add_Proc_(DE1-11)'!R"&ROW()&"C"&COLUMN(),FALSE))} -> A,D | D8: {=IF(ISBLANK(INDIRECT("'Import_Add_Proc_(DE1-11)'!R"&ROW()&"C"&COLUMN(),FALSE)),"",INDIRECT("'Import_Add_Proc_(DE1-11)'!R"&ROW()&"C"&COLUMN(),FALSE))} | E8: {=IF(ISBLANK(INDIRECT("'Import_Add_Proc_(DE1-11)'!R"&ROW()&"C"&COLUMN(),FALSE)),"",INDIRECT("'Import_Add_Proc_(DE1-11)'!R"&ROW()&"C"&COLUMN(),FALSE))} -> B,E,C,F,J,K,Y,Z,Q | F8: {=IF(ISBLANK(INDIRECT("'Import_Add_Proc_(DE1-11)'!R"&ROW()&"C"&COLUMN(),FALSE)),"",INDIRECT("'Import_Add_Proc_(DE1-11)'!R"&ROW()&"C"&COLUMN(),FALSE))} -> EIDR & SDP not permitted
A9: {=IF(ISBLANK(INDIRECT("'Import_Add_Proc_(DE1-11)'!R"&ROW()&"C"&COLUMN(),FALSE)),"",INDIRECT("'Import_Add_Proc_(DE1-11)'!R"&ROW()&"C"&COLUMN(),FALSE))} -> C04 | B9: {=IF(ISBLANK(INDIRECT("'Import_Add_Proc_(DE1-11)'!R"&ROW()&"C"&COLUMN(),FALSE)),"",INDIRECT("'Import_Add_Proc_(DE1-11)'!R"&ROW()&"C"&COLUMN(),FALSE))} -> N | C9: {=IF(ISBLANK(INDIRECT("'Import_Add_Proc_(DE1-11)'!R"&ROW()&"C"&COLUMN(),FALSE)),"",INDIRECT("'Import_Add_Proc_(DE1-11)'!R"&ROW()&"C"&COLUMN(),FALSE))} -> A,D | D9: {=IF(ISBLANK(INDIRECT("'Import_Add_Proc_(DE1-11)'!R"&ROW()&"C"&COLUMN(),FALSE)),"",INDIRECT("'Import_Add_Proc_(DE1-11)'!R"&ROW()&"C"&COLUMN(),FALSE))} -> C,F,J,K,Y,Z | E9: {=IF(ISBLANK(INDIRECT("'Import_Add_Proc_(DE1-11)'!R"&ROW()&"C"&COLUMN(),FALSE)),"",INDIRECT("'Import_Add_Proc_(DE1-11)'!R"&ROW()&"C"&COLUMN(),FALSE))} -> B,E,Q | F9: {=IF(ISBLANK(INDIRECT("'Import_Add_Proc_(DE1-11)'!R"&ROW()&"C"&COLUMN(),FALSE)),"",INDIRECT("'Import_Add_Proc_(DE1-11)'!R"&ROW()&"C"&COLUMN(),FALSE))} -> EIDR & SDP only with rep status 3
A10: {=IF(ISBLANK(INDIRECT("'Import_Add_Proc_(DE1-11)'!R"&ROW()&"C"&COLUMN(),FALSE)),"",INDIRECT("'Import_Add_Proc_(DE1-11)'!R"&ROW()&"C"&COLUMN(),FALSE))} -> C06 | B10: {=IF(ISBLANK(INDIRECT("'Import_Add_Proc_(DE1-11)'!R"&ROW()&"C"&COLUMN(),FALSE)),"",INDIRECT("'Import_Add_Proc_(DE1-11)'!R"&ROW()&"C"&COLUMN(),FALSE))} -> N | C10: {=IF(ISBLANK(INDIRECT("'Import_Add_Proc_(DE1-11)'!R"&ROW()&"C"&COLUMN(),FALSE)),"",INDIRECT("'Import_Add_Proc_(DE1-11)'!R"&ROW()&"C"&COLUMN(),FALSE))} -> A,D,C,F,J,K,Y,Z | D10: {=IF(ISBLANK(INDIRECT("'Import_Add_Proc_(DE1-11)'!R"&ROW()&"C"&COLUMN(),FALSE)),"",INDIRECT("'Import_Add_Proc_(DE1-11)'!R"&ROW()&"C"&COLUMN(),FALSE))} | E10: {=IF(ISBLANK(INDIRECT("'Import_Add_Proc_(DE1-11)'!R"&ROW()&"C"&COLUMN(),FALSE)),"",INDIRECT("'Import_Add_Proc_(DE1-11)'!R"&ROW()&"C"&COLUMN(),FALSE))} -> B,E,Q | F10: {=IF(ISBLANK(INDIRECT("'Import_Add_Proc_(DE1-11)'!R"&ROW()&"C"&COLUMN(),FALSE)),"",INDIRECT("'Import_Add_Proc_(DE1-11)'!R"&ROW()&"C"&COLUMN(),FALSE))}
A11: {=IF(ISBLANK(INDIRECT("'Import_Add_Proc_(DE1-11)'!R"&ROW()&"C"&COLUMN(),FALSE)),"",INDIRECT("'Import_Add_Proc_(DE1-11)'!R"&ROW()&"C"&COLUMN(),FALSE))} -> C07 | B11: {=IF(ISBLANK(INDIRECT("'Import_Add_Proc_(DE1-11)'!R"&ROW()&"C"&COLUMN(),FALSE)),"",INDIRECT("'Import_Add_Proc_(DE1-11)'!R"&ROW()&"C"&COLUMN(),FALSE))} -> N | C11: {=IF(ISBLANK(INDIRECT("'Import_Add_Proc_(DE1-11)'!R"&ROW()&"C"&COLUMN(),FALSE)),"",INDIRECT("'Import_Add_Proc_(DE1-11)'!R"&ROW()&"C"&COLUMN(),FALSE))} -> A,B,D,E,C,F,J,K,Y,Z | D11: {=IF(ISBLANK(INDIRECT("'Import_Add_Proc_(DE1-11)'!R"&ROW()&"C"&COLUMN(),FALSE)),"",INDIRECT("'Import_Add_Proc_(DE1-11)'!R"&ROW()&"C"&COLUMN(),FALSE))} | E11: {=IF(ISBLANK(INDIRECT("'Import_Add_Proc_(DE1-11)'!R"&ROW()&"C"&COLUMN(),FALSE)),"",INDIRECT("'Import_Add_Proc_(DE1-11)'!R"&ROW()&"C"&COLUMN(),FALSE))} -> Q | F11: {=IF(ISBLANK(INDIRECT("'Import_Add_Proc_(DE1-11)'!R"&ROW()&"C"&COLUMN(),FALSE)),"",INDIRECT("'Import_Add_Proc_(DE1-11)'!R"&ROW()&"C"&COLUMN(),FALSE))}
A12: {=IF(ISBLANK(INDIRECT("'Import_Add_Proc_(DE1-11)'!R"&ROW()&"C"&COLUMN(),FALSE)),"",INDIRECT("'Import_Add_Proc_(DE1-11)'!R"&ROW()&"C"&COLUMN(),FALSE))} -> C08 | B12: {=IF(ISBLANK(INDIRECT("'Import_Add_Proc_(DE1-11)'!R"&ROW()&"C"&COLUMN(),FALSE)),"",INDIRECT("'Import_Add_Proc_(DE1-11)'!R"&ROW()&"C"&COLUMN(),FALSE))} -> N | C12: {=IF(ISBLANK(INDIRECT("'Import_Add_Proc_(DE1-11)'!R"&ROW()&"C"&COLUMN(),FALSE)),"",INDIRECT("'Import_Add_Proc_(DE1-11)'!R"&ROW()&"C"&COLUMN(),FALSE))} -> A,B,D,E | D12: {=IF(ISBLANK(INDIRECT("'Import_Add_Proc_(DE1-11)'!R"&ROW()&"C"&COLUMN(),FALSE)),"",INDIRECT("'Import_Add_Proc_(DE1-11)'!R"&ROW()&"C"&COLUMN(),FALSE))} -> C,F,J,K,Y,Z | E12: {=IF(ISBLANK(INDIRECT("'Import_Add_Proc_(DE1-11)'!R"&ROW()&"C"&COLUMN(),FALSE)),"",INDIRECT("'Import_Add_Proc_(DE1-11)'!R"&ROW()&"C"&COLUMN(),FALSE))} -> Q | F12: {=IF(ISBLANK(INDIRECT("'Import_Add_Proc_(DE1-11)'!R"&ROW()&"C"&COLUMN(),FALSE)),"",INDIRECT("'Import_Add_Proc_(DE1-11)'!R"&ROW()&"C"&COLUMN(),FALSE))} -> EIDR & SDP only with rep status 3
A13: {=IF(ISBLANK(INDIRECT("'Import_Add_Proc_(DE1-11)'!R"&ROW()&"C"&COLUMN(),FALSE)),"",INDIRECT("'Import_Add_Proc_(DE1-11)'!R"&ROW()&"C"&COLUMN(),FALSE))} -> C09 | B13: {=IF(ISBLANK(INDIRECT("'Import_Add_Proc_(DE1-11)'!R"&ROW()&"C"&COLUMN(),FALSE)),"",INDIRECT("'Import_Add_Proc_(DE1-11)'!R"&ROW()&"C"&COLUMN(),FALSE))} -> N | C13: {=IF(ISBLANK(INDIRECT("'Import_Add_Proc_(DE1-11)'!R"&ROW()&"C"&COLUMN(),FALSE)),"",INDIRECT("'Import_Add_Proc_(DE1-11)'!R"&ROW()&"C"&COLUMN(),FALSE))} -> A,C,D,F,J,K,Y,Z | D13: {=IF(ISBLANK(INDIRECT("'Import_Add_Proc_(DE1-11)'!R"&ROW()&"C"&COLUMN(),FALSE)),"",INDIRECT("'Import_Add_Proc_(DE1-11)'!R"&ROW()&"C"&COLUMN(),FALSE))} | E13: {=IF(ISBLANK(INDIRECT("'Import_Add_Proc_(DE1-11)'!R"&ROW()&"C"&COLUMN(),FALSE)),"",INDIRECT("'Import_Add_Proc_(DE1-11)'!R"&ROW()&"C"&COLUMN(),FALSE))} -> B,E,Q | F13: {=IF(ISBLANK(INDIRECT("'Import_Add_Proc_(DE1-11)'!R"&ROW()&"C"&COLUMN(),FALSE)),"",INDIRECT("'Import_Add_Proc_(DE1-11)'!R"&ROW()&"C"&COLUMN(),FALSE))}
... A300: {=IF(ISBLANK(INDIRECT("'Import_Add_Proc_(DE1-11)'!R"&ROW()&"C"&COLUMN(),FALSE)),"",INDIRECT("'Import_Add_Proc_(DE1-11)'!R"&ROW()&"C"&COLUMN(),FALSE))} | B300: {=IF(ISBLANK(INDIRECT("'Import_Add_Proc_(DE1-11)'!R"&ROW()&"C"&COLUMN(),FALSE)),"",INDIRECT("'Import_Add_Proc_(DE1-11)'!R"&ROW()&"C"&COLUMN(),FALSE))} | C300: {=IF(ISBLANK(INDIRECT("'Import_Add_Proc_(DE1-11)'!R"&ROW()&"C"&COLUMN(),FALSE)),"",INDIRECT("'Import_Add_Proc_(DE1-11)'!R"&ROW()&"C"&COLUMN(),FALSE))} | D300: {=IF(ISBLANK(INDIRECT("'Import_Add_Proc_(DE1-11)'!R"&ROW()&"C"&COLUMN(),FALSE)),"",INDIRECT("'Import_Add_Proc_(DE1-11)'!R"&ROW()&"C"&COLUMN(),FALSE))} | E300: {=IF(ISBLANK(INDIRECT("'Import_Add_Proc_(DE1-11)'!R"&ROW()&"C"&COLUMN(),FALSE)),"",INDIRECT("'Import_Add_Proc_(DE1-11)'!R"&ROW()&"C"&COLUMN(),FALSE))} | F300: {=IF(ISBLANK(INDIRECT("'Import_Add_Proc_(DE1-11)'!R"&ROW()&"C"&COLUMN(),FALSE)),"",INDIRECT("'Import_Add_Proc_(DE1-11)'!R"&ROW()&"C"&COLUMN(),FALSE))}

Sheet Import_DE1-11_ReadOnly
A1: DE 1/11 | B1: C21i | C1: A | D1: B | E1: C | F1: D | G1: E | H1: F | I1: J | J1: K | K1: Y | L1: Z | M1: Q | N1: Comments | O1: A | P1: B | Q1: C | R1: D | S1: E | T1: F | U1: J | V1: K | W1: Y | X1: Z | Y1: Q | Z1: =O1 -> A | AA1: =P1 -> B | AB1: =Q1 -> C | AC1: =R1 -> D | AD1: =S1 -> E | AE1: =T1 -> F | AF1: =U1 -> J | AG1: =V1 -> K | ... BF1: =AU1 -> Q
A2: ='Import_Add_Proc_(DE1-11) NEW'!A2 -> A04 | B2: ='Import_Add_Proc_(DE1-11) NEW'!B2 -> N | C2: =IF(AV2<>1,"*",IF(O2,"P",IF(Z2,"R","N"))) -> P | D2: =IF(AW2<>1,"*",IF(P2,"P",IF(AA2,"R","N"))) -> N | E2: =IF(AX2<>1,"*",IF(Q2,"P",IF(AB2,"R","N"))) -> P | F2: =IF(AY2<>1,"*",IF(R2,"P",IF(AC2,"R","N"))) -> P | G2: =IF(AZ2<>1,"*",IF(S2,"P",IF(AD2,"R","N"))) -> N | H2: =IF(BA2<>1,"*",IF(T2,"P",IF(AE2,"R","N"))) -> P | I2: =IF(BB2<>1,"*",IF(U2,"P",IF(AF2,"R","N"))) -> P | J2: =IF(BC2<>1,"*",IF(V2,"P",IF(AG2,"R","N"))) -> P | ... M2: =IF(BF2<>1,"*",IF(Y2,"P",IF(AJ2,"R","N"))) -> N | N2: =IF(ISBLANK('Import_Add_Proc_(DE1-11) NEW'!F2),"",'Import_Add_Proc_(DE1-11) NEW'!F2) | O2: =IF(ISERROR(FIND(O$1,'Import_Add_Proc_(DE1-11) NEW'!$C2)),0,1) -> 1 | P2: =IF(ISERROR(FIND(P$1,'Import_Add_Proc_(DE1-11) NEW'!$C2)),0,1) -> 0 | Q2: =IF(ISERROR(FIND(Q$1,'Import_Add_Proc_(DE1-11) NEW'!$C2)),0,1) -> 1 | R2: =IF(ISERROR(FIND(R$1,'Import_Add_Proc_(DE1-11) NEW'!$C2)),0,1) -> 1 | S2: =IF(ISERROR(FIND(S$1,'Import_Add_Proc_(DE1-11) NEW'!$C2)),0,1) -> 0 | T2: =IF(ISERROR(FIND(T$1,'Import_Add_Proc_(DE1-11) NEW'!$C2)),0,1) -> 1 | U2: =IF(ISERROR(FIND(U$1,'Import_Add_Proc_(DE1-11) NEW'!$C2)),0,1) -> 1 | V2: =IF(ISERROR(FIND(V$1,'Import_Add_Proc_(DE1-11) NEW'!$C2)),0,1) -> 1 | ... Y2: =IF(ISERROR(FIND(Y$1,'Import_Add_Proc_(DE1-11) NEW'!$C2)),0,1) -> 0 | Z2: =IF(ISERROR(FIND(Z$1,'Import_Add_Proc_(DE1-11) NEW'!$D2)),0,1) -> 0 | AA2: =IF(ISERROR(FIND(AA$1,'Import_Add_Proc_(DE1-11) NEW'!$D2)),0,1) -> 0 | AB2: =IF(ISERROR(FIND(AB$1,'Import_Add_Proc_(DE1-11) NEW'!$D2)),0,1) -> 0 | AC2: =IF(ISERROR(FIND(AC$1,'Import_Add_Proc_(DE1-11) NEW'!$D2)),0,1) -> 0 | AD2: =IF(ISERROR(FIND(AD$1,'Import_Add_Proc_(DE1-11) NEW'!$D2)),0,1) -> 0 | AE2: =IF(ISERROR(FIND(AE$1,'Import_Add_Proc_(DE1-11) NEW'!$D2)),0,1) -> 0 | AF2: =IF(ISERROR(FIND(AF$1,'Import_Add_Proc_(DE1-11) NEW'!$D2)),0,1) -> 0 | AG2: =IF(ISERROR(FIND(AG$1,'Import_Add_Proc_(DE1-11) NEW'!$D2)),0,1) -> 0 | ... AJ2: =IF(ISERROR(FIND(AJ$1,'Import_Add_Proc_(DE1-11) NEW'!$D2)),0,1) -> 0 | AK2: =IF(ISERROR(FIND(AK$1,'Import_Add_Proc_(DE1-11) NEW'!$E2)),0,1) -> 0 | AL2: =IF(ISERROR(FIND(AL$1,'Import_Add_Proc_(DE1-11) NEW'!$E2)),0,1) -> 1 | AM2: =IF(ISERROR(FIND(AM$1,'Import_Add_Proc_(DE1-11) NEW'!$E2)),0,1) -> 0 | AN2: =IF(ISERROR(FIND(AN$1,'Import_Add_Proc_(DE1-11) NEW'!$E2)),0,1) -> 0 | AO2: =IF(ISERROR(FIND(AO$1,'Import_Add_Proc_(DE1-11) NEW'!$E2)),0,1) -> 1 | AP2: =IF(ISERROR(FIND(AP$1,'Import_Add_Proc_(DE1-11) NEW'!$E2)),0,1) -> 0 | AQ2: =IF(ISERROR(FIND(AQ$1,'Import_Add_Proc_(DE1-11) NEW'!$E2)),0,1) -> 0 | AR2: =IF(ISERROR(FIND(AR$1,'Import_Add_Proc_(DE1-11) NEW'!$E2)),0,1) -> 0 | ... AU2: =IF(ISERROR(FIND(AU$1,'Import_Add_Proc_(DE1-11) NEW'!$E2)),0,1) -> 1 | AV2: =O2+Z2+AK2 -> 1 | AW2: =P2+AA2+AL2 -> 1 | AX2: =Q2+AB2+AM2 -> 1 | AY2: =R2+AC2+AN2 -> 1 | AZ2: =S2+AD2+AO2 -> 1 | BA2: =T2+AE2+AP2 -> 1 | BB2: =U2+AF2+AQ2 -> 1 | BC2: =V2+AG2+AR2 -> 1 | ... BF2: =Y2+AJ2+AU2 -> 1
A3: ='Import_Add_Proc_(DE1-11) NEW'!A3 -> B02 | B3: ='Import_Add_Proc_(DE1-11) NEW'!B3 -> N | C3: =IF(AV3<>1,"*",IF(O3,"P",IF(Z3,"R","N"))) -> P | D3: =IF(AW3<>1,"*",IF(P3,"P",IF(AA3,"R","N"))) -> N | E3: =IF(AX3<>1,"*",IF(Q3,"P",IF(AB3,"R","N"))) -> P | F3: =IF(AY3<>1,"*",IF(R3,"P",IF(AC3,"R","N"))) -> P | G3: =IF(AZ3<>1,"*",IF(S3,"P",IF(AD3,"R","N"))) -> N | H3: =IF(BA3<>1,"*",IF(T3,"P",IF(AE3,"R","N"))) -> P | I3: =IF(BB3<>1,"*",IF(U3,"P",IF(AF3,"R","N"))) -> N | J3: =IF(BC3<>1,"*",IF(V3,"P",IF(AG3,"R","N"))) -> N | ... M3: =IF(BF3<>1,"*",IF(Y3,"P",IF(AJ3,"R","N"))) -> N | N3: =IF(ISBLANK('Import_Add_Proc_(DE1-11) NEW'!F3),"",'Import_Add_Proc_(DE1-11) NEW'!F3) -> EIDR not permitted | O3: =IF(ISERROR(FIND(O$1,'Import_Add_Proc_(DE1-11) NEW'!$C3)),0,1) -> 1 | P3: =IF(ISERROR(FIND(P$1,'Import_Add_Proc_(DE1-11) NEW'!$C3)),0,1) -> 0 | Q3: =IF(ISERROR(FIND(Q$1,'Import_Add_Proc_(DE1-11) NEW'!$C3)),0,1) -> 1 | R3: =IF(ISERROR(FIND(R$1,'Import_Add_Proc_(DE1-11) NEW'!$C3)),0,1) -> 1 | S3: =IF(ISERROR(FIND(S$1,'Import_Add_Proc_(DE1-11) NEW'!$C3)),0,1) -> 0 | T3: =IF(ISERROR(FIND(T$1,'Import_Add_Proc_(DE1-11) NEW'!$C3)),0,1) -> 1 | U3: =IF(ISERROR(FIND(U$1,'Import_Add_Proc_(DE1-11) NEW'!$C3)),0,1) -> 0 | V3: =IF(ISERROR(FIND(V$1,'Import_Add_Proc_(DE1-11) NEW'!$C3)),0,1) -> 0 | ... Y3: =IF(ISERROR(FIND(Y$1,'Import_Add_Proc_(DE1-11) NEW'!$C3)),0,1) -> 0 | Z3: =IF(ISERROR(FIND(Z$1,'Import_Add_Proc_(DE1-11) NEW'!$D3)),0,1) -> 0 | AA3: =IF(ISERROR(FIND(AA$1,'Import_Add_Proc_(DE1-11) NEW'!$D3)),0,1) -> 0 | AB3: =IF(ISERROR(FIND(AB$1,'Import_Add_Proc_(DE1-11) NEW'!$D3)),0,1) -> 0 | AC3: =IF(ISERROR(FIND(AC$1,'Import_Add_Proc_(DE1-11) NEW'!$D3)),0,1) -> 0 | AD3: =IF(ISERROR(FIND(AD$1,'Import_Add_Proc_(DE1-11) NEW'!$D3)),0,1) -> 0 | AE3: =IF(ISERROR(FIND(AE$1,'Import_Add_Proc_(DE1-11) NEW'!$D3)),0,1) -> 0 | AF3: =IF(ISERROR(FIND(AF$1,'Import_Add_Proc_(DE1-11) NEW'!$D3)),0,1) -> 0 | AG3: =IF(ISERROR(FIND(AG$1,'Import_Add_Proc_(DE1-11) NEW'!$D3)),0,1) -> 0 | ... AJ3: =IF(ISERROR(FIND(AJ$1,'Import_Add_Proc_(DE1-11) NEW'!$D3)),0,1) -> 0 | AK3: =IF(ISERROR(FIND(AK$1,'Import_Add_Proc_(DE1-11) NEW'!$E3)),0,1) -> 0 | AL3: =IF(ISERROR(FIND(AL$1,'Import_Add_Proc_(DE1-11) NEW'!$E3)),0,1) -> 1 | AM3: =IF(ISERROR(FIND(AM$1,'Import_Add_Proc_(DE1-11) NEW'!$E3)),0,1) -> 0 | AN3: =IF(ISERROR(FIND(AN$1,'Import_Add_Proc_(DE1-11) NEW'!$E3)),0,1) -> 0 | AO3: =IF(ISERROR(FIND(AO$1,'Import_Add_Proc_(DE1-11) NEW'!$E3)),0,1) -> 1 | AP3: =IF(ISERROR(FIND(AP$1,'Import_Add_Proc_(DE1-11) NEW'!$E3)),0,1) -> 0 | AQ3: =IF(ISERROR(FIND(AQ$1,'Import_Add_Proc_(DE1-11) NEW'!$E3)),0,1) -> 1 | AR3: =IF(ISERROR(FIND(AR$1,'Import_Add_Proc_(DE1-11) NEW'!$E3)),0,1) -> 1 | ... AU3: =IF(ISERROR(FIND(AU$1,'Import_Add_Proc_(DE1-11) NEW'!$E3)),0,1) -> 1 | AV3: =O3+Z3+AK3 -> 1 | AW3: =P3+AA3+AL3 -> 1 | AX3: =Q3+AB3+AM3 -> 1 | AY3: =R3+AC3+AN3 -> 1 | AZ3: =S3+AD3+AO3 -> 1 | BA3: =T3+AE3+AP3 -> 1 | BB3: =U3+AF3+AQ3 -> 1 | BC3: =V3+AG3+AR3 -> 1 | ... BF3: =Y3+AJ3+AU3 -> 1
A4: ='Import_Add_Proc_(DE1-11) NEW'!A4 -> B03 | B4: ='Import_Add_Proc_(DE1-11) NEW'!B4 -> N | C4: =IF(AV4<>1,"*",IF(O4,"P",IF(Z4,"R","N"))) -> P | D4: =IF(AW4<>1,"*",IF(P4,"P",IF(AA4,"R","N"))) -> N | E4: =IF(AX4<>1,"*",IF(Q4,"P",IF(AB4,"R","N"))) -> P | F4: =IF(AY4<>1,"*",IF(R4,"P",IF(AC4,"R","N"))) -> P | G4: =IF(AZ4<>1,"*",IF(S4,"P",IF(AD4,"R","N"))) -> N | H4: =IF(BA4<>1,"*",IF(T4,"P",IF(AE4,"R","N"))) -> P | I4: =IF(BB4<>1,"*",IF(U4,"P",IF(AF4,"R","N"))) -> N | J4: =IF(BC4<>1,"*",IF(V4,"P",IF(AG4,"R","N"))) -> N | ... M4: =IF(BF4<>1,"*",IF(Y4,"P",IF(AJ4,"R","N"))) -> N | N4: =IF(ISBLANK('Import_Add_Proc_(DE1-11) NEW'!F4),"",'Import_Add_Proc_(DE1-11) NEW'!F4) -> EIDR not permitted | O4: =IF(ISERROR(FIND(O$1,'Import_Add_Proc_(DE1-11) NEW'!$C4)),0,1) -> 1 | P4: =IF(ISERROR(FIND(P$1,'Import_Add_Proc_(DE1-11) NEW'!$C4)),0,1) -> 0 | Q4: =IF(ISERROR(FIND(Q$1,'Import_Add_Proc_(DE1-11) NEW'!$C4)),0,1) -> 1 | R4: =IF(ISERROR(FIND(R$1,'Import_Add_Proc_(DE1-11) NEW'!$C4)),0,1) -> 1 | S4: =IF(ISERROR(FIND(S$1,'Import_Add_Proc_(DE1-11) NEW'!$C4)),0,1) -> 0 | T4: =IF(ISERROR(FIND(T$1,'Import_Add_Proc_(DE1-11) NEW'!$C4)),0,1) -> 1 | U4: =IF(ISERROR(FIND(U$1,'Import_Add_Proc_(DE1-11) NEW'!$C4)),0,1) -> 0 | V4: =IF(ISERROR(FIND(V$1,'Import_Add_Proc_(DE1-11) NEW'!$C4)),0,1) -> 0 | ... Y4: =IF(ISERROR(FIND(Y$1,'Import_Add_Proc_(DE1-11) NEW'!$C4)),0,1) -> 0 | Z4: =IF(ISERROR(FIND(Z$1,'Import_Add_Proc_(DE1-11) NEW'!$D4)),0,1) -> 0 | AA4: =IF(ISERROR(FIND(AA$1,'Import_Add_Proc_(DE1-11) NEW'!$D4)),0,1) -> 0 | AB4: =IF(ISERROR(FIND(AB$1,'Import_Add_Proc_(DE1-11) NEW'!$D4)),0,1) -> 0 | AC4: =IF(ISERROR(FIND(AC$1,'Import_Add_Proc_(DE1-11) NEW'!$D4)),0,1) -> 0 | AD4: =IF(ISERROR(FIND(AD$1,'Import_Add_Proc_(DE1-11) NEW'!$D4)),0,1) -> 0 | AE4: =IF(ISERROR(FIND(AE$1,'Import_Add_Proc_(DE1-11) NEW'!$D4)),0,1) -> 0 | AF4: =IF(ISERROR(FIND(AF$1,'Import_Add_Proc_(DE1-11) NEW'!$D4)),0,1) -> 0 | AG4: =IF(ISERROR(FIND(AG$1,'Import_Add_Proc_(DE1-11) NEW'!$D4)),0,1) -> 0 | ... AJ4: =IF(ISERROR(FIND(AJ$1,'Import_Add_Proc_(DE1-11) NEW'!$D4)),0,1) -> 0 | AK4: =IF(ISERROR(FIND(AK$1,'Import_Add_Proc_(DE1-11) NEW'!$E4)),0,1) -> 0 | AL4: =IF(ISERROR(FIND(AL$1,'Import_Add_Proc_(DE1-11) NEW'!$E4)),0,1) -> 1 | AM4: =IF(ISERROR(FIND(AM$1,'Import_Add_Proc_(DE1-11) NEW'!$E4)),0,1) -> 0 | AN4: =IF(ISERROR(FIND(AN$1,'Import_Add_Proc_(DE1-11) NEW'!$E4)),0,1) -> 0 | AO4: =IF(ISERROR(FIND(AO$1,'Import_Add_Proc_(DE1-11) NEW'!$E4)),0,1) -> 1 | AP4: =IF(ISERROR(FIND(AP$1,'Import_Add_Proc_(DE1-11) NEW'!$E4)),0,1) -> 0 | AQ4: =IF(ISERROR(FIND(AQ$1,'Import_Add_Proc_(DE1-11) NEW'!$E4)),0,1) -> 1 | AR4: =IF(ISERROR(FIND(AR$1,'Import_Add_Proc_(DE1-11) NEW'!$E4)),0,1) -> 1 | ... AU4: =IF(ISERROR(FIND(AU$1,'Import_Add_Proc_(DE1-11) NEW'!$E4)),0,1) -> 1 | AV4: =O4+Z4+AK4 -> 1 | AW4: =P4+AA4+AL4 -> 1 | AX4: =Q4+AB4+AM4 -> 1 | AY4: =R4+AC4+AN4 -> 1 | AZ4: =S4+AD4+AO4 -> 1 | BA4: =T4+AE4+AP4 -> 1 | BB4: =U4+AF4+AQ4 -> 1 | BC4: =V4+AG4+AR4 -> 1 | ... BF4: =Y4+AJ4+AU4 -> 1
A5: ='Import_Add_Proc_(DE1-11) NEW'!A5 -> B06 | B5: ='Import_Add_Proc_(DE1-11) NEW'!B5 -> N | C5: =IF(AV5<>1,"*",IF(O5,"P",IF(Z5,"R","N"))) -> P | D5: =IF(AW5<>1,"*",IF(P5,"P",IF(AA5,"R","N"))) -> N | E5: =IF(AX5<>1,"*",IF(Q5,"P",IF(AB5,"R","N"))) -> P | F5: =IF(AY5<>1,"*",IF(R5,"P",IF(AC5,"R","N"))) -> P | G5: =IF(AZ5<>1,"*",IF(S5,"P",IF(AD5,"R","N"))) -> N | H5: =IF(BA5<>1,"*",IF(T5,"P",IF(AE5,"R","N"))) -> P | I5: =IF(BB5<>1,"*",IF(U5,"P",IF(AF5,"R","N"))) -> N | J5: =IF(BC5<>1,"*",IF(V5,"P",IF(AG5,"R","N"))) -> N | ... M5: =IF(BF5<>1,"*",IF(Y5,"P",IF(AJ5,"R","N"))) -> N | N5: =IF(ISBLANK('Import_Add_Proc_(DE1-11) NEW'!F5),"",'Import_Add_Proc_(DE1-11) NEW'!F5) -> EIDR not permitted | O5: =IF(ISERROR(FIND(O$1,'Import_Add_Proc_(DE1-11) NEW'!$C5)),0,1) -> 1 | P5: =IF(ISERROR(FIND(P$1,'Import_Add_Proc_(DE1-11) NEW'!$C5)),0,1) -> 0 | Q5: =IF(ISERROR(FIND(Q$1,'Import_Add_Proc_(DE1-11) NEW'!$C5)),0,1) -> 1 | R5: =IF(ISERROR(FIND(R$1,'Import_Add_Proc_(DE1-11) NEW'!$C5)),0,1) -> 1 | S5: =IF(ISERROR(FIND(S$1,'Import_Add_Proc_(DE1-11) NEW'!$C5)),0,1) -> 0 | T5: =IF(ISERROR(FIND(T$1,'Import_Add_Proc_(DE1-11) NEW'!$C5)),0,1) -> 1 | U5: =IF(ISERROR(FIND(U$1,'Import_Add_Proc_(DE1-11) NEW'!$C5)),0,1) -> 0 | V5: =IF(ISERROR(FIND(V$1,'Import_Add_Proc_(DE1-11) NEW'!$C5)),0,1) -> 0 | ... Y5: =IF(ISERROR(FIND(Y$1,'Import_Add_Proc_(DE1-11) NEW'!$C5)),0,1) -> 0 | Z5: =IF(ISERROR(FIND(Z$1,'Import_Add_Proc_(DE1-11) NEW'!$D5)),0,1) -> 0 | AA5: =IF(ISERROR(FIND(AA$1,'Import_Add_Proc_(DE1-11) NEW'!$D5)),0,1) -> 0 | AB5: =IF(ISERROR(FIND(AB$1,'Import_Add_Proc_(DE1-11) NEW'!$D5)),0,1) -> 0 | AC5: =IF(ISERROR(FIND(AC$1,'Import_Add_Proc_(DE1-11) NEW'!$D5)),0,1) -> 0 | AD5: =IF(ISERROR(FIND(AD$1,'Import_Add_Proc_(DE1-11) NEW'!$D5)),0,1) -> 0 | AE5: =IF(ISERROR(FIND(AE$1,'Import_Add_Proc_(DE1-11) NEW'!$D5)),0,1) -> 0 | AF5: =IF(ISERROR(FIND(AF$1,'Import_Add_Proc_(DE1-11) NEW'!$D5)),0,1) -> 0 | AG5: =IF(ISERROR(FIND(AG$1,'Import_Add_Proc_(DE1-11) NEW'!$D5)),0,1) -> 0 | ... AJ5: =IF(ISERROR(FIND(AJ$1,'Import_Add_Proc_(DE1-11) NEW'!$D5)),0,1) -> 0 | AK5: =IF(ISERROR(FIND(AK$1,'Import_Add_Proc_(DE1-11) NEW'!$E5)),0,1) -> 0 | AL5: =IF(ISERROR(FIND(AL$1,'Import_Add_Proc_(DE1-11) NEW'!$E5)),0,1) -> 1 | AM5: =IF(ISERROR(FIND(AM$1,'Import_Add_Proc_(DE1-11) NEW'!$E5)),0,1) -> 0 | AN5: =IF(ISERROR(FIND(AN$1,'Import_Add_Proc_(DE1-11) NEW'!$E5)),0,1) -> 0 | AO5: =IF(ISERROR(FIND(AO$1,'Import_Add_Proc_(DE1-11) NEW'!$E5)),0,1) -> 1 | AP5: =IF(ISERROR(FIND(AP$1,'Import_Add_Proc_(DE1-11) NEW'!$E5)),0,1) -> 0 | AQ5: =IF(ISERROR(FIND(AQ$1,'Import_Add_Proc_(DE1-11) NEW'!$E5)),0,1) -> 1 | AR5: =IF(ISERROR(FIND(AR$1,'Import_Add_Proc_(DE1-11) NEW'!$E5)),0,1) -> 1 | ... AU5: =IF(ISERROR(FIND(AU$1,'Import_Add_Proc_(DE1-11) NEW'!$E5)),0,1) -> 1 | AV5: =O5+Z5+AK5 -> 1 | AW5: =P5+AA5+AL5 -> 1 | AX5: =Q5+AB5+AM5 -> 1 | AY5: =R5+AC5+AN5 -> 1 | AZ5: =S5+AD5+AO5 -> 1 | BA5: =T5+AE5+AP5 -> 1 | BB5: =U5+AF5+AQ5 -> 1 | BC5: =V5+AG5+AR5 -> 1 | ... BF5: =Y5+AJ5+AU5 -> 1
A6: ='Import_Add_Proc_(DE1-11) NEW'!A6 -> C01 | B6: ='Import_Add_Proc_(DE1-11) NEW'!B6 -> N | C6: =IF(AV6<>1,"*",IF(O6,"P",IF(Z6,"R","N"))) -> P | D6: =IF(AW6<>1,"*",IF(P6,"P",IF(AA6,"R","N"))) -> N | E6: =IF(AX6<>1,"*",IF(Q6,"P",IF(AB6,"R","N"))) -> N | F6: =IF(AY6<>1,"*",IF(R6,"P",IF(AC6,"R","N"))) -> P | G6: =IF(AZ6<>1,"*",IF(S6,"P",IF(AD6,"R","N"))) -> N | H6: =IF(BA6<>1,"*",IF(T6,"P",IF(AE6,"R","N"))) -> N | I6: =IF(BB6<>1,"*",IF(U6,"P",IF(AF6,"R","N"))) -> N | J6: =IF(BC6<>1,"*",IF(V6,"P",IF(AG6,"R","N"))) -> N | ... M6: =IF(BF6<>1,"*",IF(Y6,"P",IF(AJ6,"R","N"))) -> N | N6: =IF(ISBLANK('Import_Add_Proc_(DE1-11) NEW'!F6),"",'Import_Add_Proc_(DE1-11) NEW'!F6) -> EIDR & SDP not permitted | O6: =IF(ISERROR(FIND(O$1,'Import_Add_Proc_(DE1-11) NEW'!$C6)),0,1) -> 1 | P6: =IF(ISERROR(FIND(P$1,'Import_Add_Proc_(DE1-11) NEW'!$C6)),0,1) -> 0 | Q6: =IF(ISERROR(FIND(Q$1,'Import_Add_Proc_(DE1-11) NEW'!$C6)),0,1) -> 0 | R6: =IF(ISERROR(FIND(R$1,'Import_Add_Proc_(DE1-11) NEW'!$C6)),0,1) -> 1 | S6: =IF(ISERROR(FIND(S$1,'Import_Add_Proc_(DE1-11) NEW'!$C6)),0,1) -> 0 | T6: =IF(ISERROR(FIND(T$1,'Import_Add_Proc_(DE1-11) NEW'!$C6)),0,1) -> 0 | U6: =IF(ISERROR(FIND(U$1,'Import_Add_Proc_(DE1-11) NEW'!$C6)),0,1) -> 0 | V6: =IF(ISERROR(FIND(V$1,'Import_Add_Proc_(DE1-11) NEW'!$C6)),0,1) -> 0 | ... Y6: =IF(ISERROR(FIND(Y$1,'Import_Add_Proc_(DE1-11) NEW'!$C6)),0,1) -> 0 | Z6: =IF(ISERROR(FIND(Z$1,'Import_Add_Proc_(DE1-11) NEW'!$D6)),0,1) -> 0 | AA6: =IF(ISERROR(FIND(AA$1,'Import_Add_Proc_(DE1-11) NEW'!$D6)),0,1) -> 0 | AB6: =IF(ISERROR(FIND(AB$1,'Import_Add_Proc_(DE1-11) NEW'!$D6)),0,1) -> 0 | AC6: =IF(ISERROR(FIND(AC$1,'Import_Add_Proc_(DE1-11) NEW'!$D6)),0,1) -> 0 | AD6: =IF(ISERROR(FIND(AD$1,'Import_Add_Proc_(DE1-11) NEW'!$D6)),0,1) -> 0 | AE6: =IF(ISERROR(FIND(AE$1,'Import_Add_Proc_(DE1-11) NEW'!$D6)),0,1) -> 0 | AF6: =IF(ISERROR(FIND(AF$1,'Import_Add_Proc_(DE1-11) NEW'!$D6)),0,1) -> 0 | AG6: =IF(ISERROR(FIND(AG$1,'Import_Add_Proc_(DE1-11) NEW'!$D6)),0,1) -> 0 | ... AJ6: =IF(ISERROR(FIND(AJ$1,'Import_Add_Proc_(DE1-11) NEW'!$D6)),0,1) -> 0 | AK6: =IF(ISERROR(FIND(AK$1,'Import_Add_Proc_(DE1-11) NEW'!$E6)),0,1) -> 0 | AL6: =IF(ISERROR(FIND(AL$1,'Import_Add_Proc_(DE1-11) NEW'!$E6)),0,1) -> 1 | AM6: =IF(ISERROR(FIND(AM$1,'Import_Add_Proc_(DE1-11) NEW'!$E6)),0,1) -> 1 | AN6: =IF(ISERROR(FIND(AN$1,'Import_Add_Proc_(DE1-11) NEW'!$E6)),0,1) -> 0 | AO6: =IF(ISERROR(FIND(AO$1,'Import_Add_Proc_(DE1-11) NEW'!$E6)),0,1) -> 1 | AP6: =IF(ISERROR(FIND(AP$1,'Import_Add_Proc_(DE1-11) NEW'!$E6)),0,1) -> 1 | AQ6: =IF(ISERROR(FIND(AQ$1,'Import_Add_Proc_(DE1-11) NEW'!$E6)),0,1) -> 1 | AR6: =IF(ISERROR(FIND(AR$1,'Import_Add_Proc_(DE1-11) NEW'!$E6)),0,1) -> 1 | ... AU6: =IF(ISERROR(FIND(AU$1,'Import_Add_Proc_(DE1-11) NEW'!$E6)),0,1) -> 1 | AV6: =O6+Z6+AK6 -> 1 | AW6: =P6+AA6+AL6 -> 1 | AX6: =Q6+AB6+AM6 -> 1 | AY6: =R6+AC6+AN6 -> 1 | AZ6: =S6+AD6+AO6 -> 1 | BA6: =T6+AE6+AP6 -> 1 | BB6: =U6+AF6+AQ6 -> 1 | BC6: =V6+AG6+AR6 -> 1 | ... BF6: =Y6+AJ6+AU6 -> 1
A7: ='Import_Add_Proc_(DE1-11) NEW'!A7 -> C02 | B7: ='Import_Add_Proc_(DE1-11) NEW'!B7 -> N | C7: =IF(AV7<>1,"*",IF(O7,"P",IF(Z7,"R","N"))) -> P | D7: =IF(AW7<>1,"*",IF(P7,"P",IF(AA7,"R","N"))) -> N | E7: =IF(AX7<>1,"*",IF(Q7,"P",IF(AB7,"R","N"))) -> N | F7: =IF(AY7<>1,"*",IF(R7,"P",IF(AC7,"R","N"))) -> P | G7: =IF(AZ7<>1,"*",IF(S7,"P",IF(AD7,"R","N"))) -> N | H7: =IF(BA7<>1,"*",IF(T7,"P",IF(AE7,"R","N"))) -> N | I7: =IF(BB7<>1,"*",IF(U7,"P",IF(AF7,"R","N"))) -> N | J7: =IF(BC7<>1,"*",IF(V7,"P",IF(AG7,"R","N"))) -> N | ... M7: =IF(BF7<>1,"*",IF(Y7,"P",IF(AJ7,"R","N"))) -> N | N7: =IF(ISBLANK('Import_Add_Proc_(DE1-11) NEW'!F7),"",'Import_Add_Proc_(DE1-11) NEW'!F7) -> EIDR & SDP not permitted | O7: =IF(ISERROR(FIND(O$1,'Import_Add_Proc_(DE1-11) NEW'!$C7)),0,1) -> 1 | P7: =IF(ISERROR(FIND(P$1,'Import_Add_Proc_(DE1-11) NEW'!$C7)),0,1) -> 0 | Q7: =IF(ISERROR(FIND(Q$1,'Import_Add_Proc_(DE1-11) NEW'!$C7)),0,1) -> 0 | R7: =IF(ISERROR(FIND(R$1,'Import_Add_Proc_(DE1-11) NEW'!$C7)),0,1) -> 1 | S7: =IF(ISERROR(FIND(S$1,'Import_Add_Proc_(DE1-11) NEW'!$C7)),0,1) -> 0 | T7: =IF(ISERROR(FIND(T$1,'Import_Add_Proc_(DE1-11) NEW'!$C7)),0,1) -> 0 | U7: =IF(ISERROR(FIND(U$1,'Import_Add_Proc_(DE1-11) NEW'!$C7)),0,1) -> 0 | V7: =IF(ISERROR(FIND(V$1,'Import_Add_Proc_(DE1-11) NEW'!$C7)),0,1) -> 0 | ... Y7: =IF(ISERROR(FIND(Y$1,'Import_Add_Proc_(DE1-11) NEW'!$C7)),0,1) -> 0 | Z7: =IF(ISERROR(FIND(Z$1,'Import_Add_Proc_(DE1-11) NEW'!$D7)),0,1) -> 0 | AA7: =IF(ISERROR(FIND(AA$1,'Import_Add_Proc_(DE1-11) NEW'!$D7)),0,1) -> 0 | AB7: =IF(ISERROR(FIND(AB$1,'Import_Add_Proc_(DE1-11) NEW'!$D7)),0,1) -> 0 | AC7: =IF(ISERROR(FIND(AC$1,'Import_Add_Proc_(DE1-11) NEW'!$D7)),0,1) -> 0 | AD7: =IF(ISERROR(FIND(AD$1,'Import_Add_Proc_(DE1-11) NEW'!$D7)),0,1) -> 0 | AE7: =IF(ISERROR(FIND(AE$1,'Import_Add_Proc_(DE1-11) NEW'!$D7)),0,1) -> 0 | AF7: =IF(ISERROR(FIND(AF$1,'Import_Add_Proc_(DE1-11) NEW'!$D7)),0,1) -> 0 | AG7: =IF(ISERROR(FIND(AG$1,'Import_Add_Proc_(DE1-11) NEW'!$D7)),0,1) -> 0 | ... AJ7: =IF(ISERROR(FIND(AJ$1,'Import_Add_Proc_(DE1-11) NEW'!$D7)),0,1) -> 0 | AK7: =IF(ISERROR(FIND(AK$1,'Import_Add_Proc_(DE1-11) NEW'!$E7)),0,1) -> 0 | AL7: =IF(ISERROR(FIND(AL$1,'Import_Add_Proc_(DE1-11) NEW'!$E7)),0,1) -> 1 | AM7: =IF(ISERROR(FIND(AM$1,'Import_Add_Proc_(DE1-11) NEW'!$E7)),0,1) -> 1 | AN7: =IF(ISERROR(FIND(AN$1,'Import_Add_Proc_(DE1-11) NEW'!$E7)),0,1) -> 0 | AO7: =IF(ISERROR(FIND(AO$1,'Import_Add_Proc_(DE1-11) NEW'!$E7)),0,1) -> 1 | AP7: =IF(ISERROR(FIND(AP$1,'Import_Add_Proc_(DE1-11) NEW'!$E7)),0,1) -> 1 | AQ7: =IF(ISERROR(FIND(AQ$1,'Import_Add_Proc_(DE1-11) NEW'!$E7)),0,1) -> 1 | AR7: =IF(ISERROR(FIND(AR$1,'Import_Add_Proc_(DE1-11) NEW'!$E7)),0,1) -> 1 | ... AU7: =IF(ISERROR(FIND(AU$1,'Import_Add_Proc_(DE1-11) NEW'!$E7)),0,1) -> 1 | AV7: =O7+Z7+AK7 -> 1 | AW7: =P7+AA7+AL7 -> 1 | AX7: =Q7+AB7+AM7 -> 1 | AY7: =R7+AC7+AN7 -> 1 | AZ7: =S7+AD7+AO7 -> 1 | BA7: =T7+AE7+AP7 -> 1 | BB7: =U7+AF7+AQ7 -> 1 | BC7: =V7+AG7+AR7 -> 1 | ... BF7: =Y7+AJ7+AU7 -> 1
A8: ='Import_Add_Proc_(DE1-11) NEW'!A8 -> C03 | B8: ='Import_Add_Proc_(DE1-11) NEW'!B8 -> N | C8: =IF(AV8<>1,"*",IF(O8,"P",IF(Z8,"R","N"))) -> P | D8: =IF(AW8<>1,"*",IF(P8,"P",IF(AA8,"R","N"))) -> N | E8: =IF(AX8<>1,"*",IF(Q8,"P",IF(AB8,"R","N"))) -> N | F8: =IF(AY8<>1,"*",IF(R8,"P",IF(AC8,"R","N"))) -> P | G8: =IF(AZ8<>1,"*",IF(S8,"P",IF(AD8,"R","N"))) -> N | H8: =IF(BA8<>1,"*",IF(T8,"P",IF(AE8,"R","N"))) -> N | I8: =IF(BB8<>1,"*",IF(U8,"P",IF(AF8,"R","N"))) -> N | J8: =IF(BC8<>1,"*",IF(V8,"P",IF(AG8,"R","N"))) -> N | ... M8: =IF(BF8<>1,"*",IF(Y8,"P",IF(AJ8,"R","N"))) -> N | N8: =IF(ISBLANK('Import_Add_Proc_(DE1-11) NEW'!F8),"",'Import_Add_Proc_(DE1-11) NEW'!F8) -> EIDR & SDP not permitted | O8: =IF(ISERROR(FIND(O$1,'Import_Add_Proc_(DE1-11) NEW'!$C8)),0,1) -> 1 | P8: =IF(ISERROR(FIND(P$1,'Import_Add_Proc_(DE1-11) NEW'!$C8)),0,1) -> 0 | Q8: =IF(ISERROR(FIND(Q$1,'Import_Add_Proc_(DE1-11) NEW'!$C8)),0,1) -> 0 | R8: =IF(ISERROR(FIND(R$1,'Import_Add_Proc_(DE1-11) NEW'!$C8)),0,1) -> 1 | S8: =IF(ISERROR(FIND(S$1,'Import_Add_Proc_(DE1-11) NEW'!$C8)),0,1) -> 0 | T8: =IF(ISERROR(FIND(T$1,'Import_Add_Proc_(DE1-11) NEW'!$C8)),0,1) -> 0 | U8: =IF(ISERROR(FIND(U$1,'Import_Add_Proc_(DE1-11) NEW'!$C8)),0,1) -> 0 | V8: =IF(ISERROR(FIND(V$1,'Import_Add_Proc_(DE1-11) NEW'!$C8)),0,1) -> 0 | ... Y8: =IF(ISERROR(FIND(Y$1,'Import_Add_Proc_(DE1-11) NEW'!$C8)),0,1) -> 0 | Z8: =IF(ISERROR(FIND(Z$1,'Import_Add_Proc_(DE1-11) NEW'!$D8)),0,1) -> 0 | AA8: =IF(ISERROR(FIND(AA$1,'Import_Add_Proc_(DE1-11) NEW'!$D8)),0,1) -> 0 | AB8: =IF(ISERROR(FIND(AB$1,'Import_Add_Proc_(DE1-11) NEW'!$D8)),0,1) -> 0 | AC8: =IF(ISERROR(FIND(AC$1,'Import_Add_Proc_(DE1-11) NEW'!$D8)),0,1) -> 0 | AD8: =IF(ISERROR(FIND(AD$1,'Import_Add_Proc_(DE1-11) NEW'!$D8)),0,1) -> 0 | AE8: =IF(ISERROR(FIND(AE$1,'Import_Add_Proc_(DE1-11) NEW'!$D8)),0,1) -> 0 | AF8: =IF(ISERROR(FIND(AF$1,'Import_Add_Proc_(DE1-11) NEW'!$D8)),0,1) -> 0 | AG8: =IF(ISERROR(FIND(AG$1,'Import_Add_Proc_(DE1-11) NEW'!$D8)),0,1) -> 0 | ... AJ8: =IF(ISERROR(FIND(AJ$1,'Import_Add_Proc_(DE1-11) NEW'!$D8)),0,1) -> 0 | AK8: =IF(ISERROR(FIND(AK$1,'Import_Add_Proc_(DE1-11) NEW'!$E8)),0,1) -> 0 | AL8: =IF(ISERROR(FIND(AL$1,'Import_Add_Proc_(DE1-11) NEW'!$E8)),0,1) -> 1 | AM8: =IF(ISERROR(FIND(AM$1,'Import_Add_Proc_(DE1-11) NEW'!$E8)),0,1) -> 1 | AN8: =IF(ISERROR(FIND(AN$1,'Import_Add_Proc_(DE1-11) NEW'!$E8)),0,1) -> 0 | AO8: =IF(ISERROR(FIND(AO$1,'Import_Add_Proc_(DE1-11) NEW'!$E8)),0,1) -> 1 | AP8: =IF(ISERROR(FIND(AP$1,'Import_Add_Proc_(DE1-11) NEW'!$E8)),0,1) -> 1 | AQ8: =IF(ISERROR(FIND(AQ$1,'Import_Add_Proc_(DE1-11) NEW'!$E8)),0,1) -> 1 | AR8: =IF(ISERROR(FIND(AR$1,'Import_Add_Proc_(DE1-11) NEW'!$E8)),0,1) -> 1 | ... AU8: =IF(ISERROR(FIND(AU$1,'Import_Add_Proc_(DE1-11) NEW'!$E8)),0,1) -> 1 | AV8: =O8+Z8+AK8 -> 1 | AW8: =P8+AA8+AL8 -> 1 | AX8: =Q8+AB8+AM8 -> 1 | AY8: =R8+AC8+AN8 -> 1 | AZ8: =S8+AD8+AO8 -> 1 | BA8: =T8+AE8+AP8 -> 1 | BB8: =U8+AF8+AQ8 -> 1 | BC8: =V8+AG8+AR8 -> 1 | ... BF8: =Y8+AJ8+AU8 -> 1
A9: ='Import_Add_Proc_(DE1-11) NEW'!A9 -> C04 | B9: ='Import_Add_Proc_(DE1-11) NEW'!B9 -> N | C9: =IF(AV9<>1,"*",IF(O9,"P",IF(Z9,"R","N"))) -> P | D9: =IF(AW9<>1,"*",IF(P9,"P",IF(AA9,"R","N"))) -> N | E9: =IF(AX9<>1,"*",IF(Q9,"P",IF(AB9,"R","N"))) -> R | F9: =IF(AY9<>1,"*",IF(R9,"P",IF(AC9,"R","N"))) -> P | G9: =IF(AZ9<>1,"*",IF(S9,"P",IF(AD9,"R","N"))) -> N | H9: =IF(BA9<>1,"*",IF(T9,"P",IF(AE9,"R","N"))) -> R | I9: =IF(BB9<>1,"*",IF(U9,"P",IF(AF9,"R","N"))) -> R | J9: =IF(BC9<>1,"*",IF(V9,"P",IF(AG9,"R","N"))) -> R | ... M9: =IF(BF9<>1,"*",IF(Y9,"P",IF(AJ9,"R","N"))) -> N | N9: =IF(ISBLANK('Import_Add_Proc_(DE1-11) NEW'!F9),"",'Import_Add_Proc_(DE1-11) NEW'!F9) -> EIDR & SDP only with rep status 3 | O9: =IF(ISERROR(FIND(O$1,'Import_Add_Proc_(DE1-11) NEW'!$C9)),0,1) -> 1 | P9: =IF(ISERROR(FIND(P$1,'Import_Add_Proc_(DE1-11) NEW'!$C9)),0,1) -> 0 | Q9: =IF(ISERROR(FIND(Q$1,'Import_Add_Proc_(DE1-11) NEW'!$C9)),0,1) -> 0 | R9: =IF(ISERROR(FIND(R$1,'Import_Add_Proc_(DE1-11) NEW'!$C9)),0,1) -> 1 | S9: =IF(ISERROR(FIND(S$1,'Import_Add_Proc_(DE1-11) NEW'!$C9)),0,1) -> 0 | T9: =IF(ISERROR(FIND(T$1,'Import_Add_Proc_(DE1-11) NEW'!$C9)),0,1) -> 0 | U9: =IF(ISERROR(FIND(U$1,'Import_Add_Proc_(DE1-11) NEW'!$C9)),0,1) -> 0 | V9: =IF(ISERROR(FIND(V$1,'Import_Add_Proc_(DE1-11) NEW'!$C9)),0,1) -> 0 | ... Y9: =IF(ISERROR(FIND(Y$1,'Import_Add_Proc_(DE1-11) NEW'!$C9)),0,1) -> 0 | Z9: =IF(ISERROR(FIND(Z$1,'Import_Add_Proc_(DE1-11) NEW'!$D9)),0,1) -> 0 | AA9: =IF(ISERROR(FIND(AA$1,'Import_Add_Proc_(DE1-11) NEW'!$D9)),0,1) -> 0 | AB9: =IF(ISERROR(FIND(AB$1,'Import_Add_Proc_(DE1-11) NEW'!$D9)),0,1) -> 1 | AC9: =IF(ISERROR(FIND(AC$1,'Import_Add_Proc_(DE1-11) NEW'!$D9)),0,1) -> 0 | AD9: =IF(ISERROR(FIND(AD$1,'Import_Add_Proc_(DE1-11) NEW'!$D9)),0,1) -> 0 | AE9: =IF(ISERROR(FIND(AE$1,'Import_Add_Proc_(DE1-11) NEW'!$D9)),0,1) -> 1 | AF9: =IF(ISERROR(FIND(AF$1,'Import_Add_Proc_(DE1-11) NEW'!$D9)),0,1) -> 1 | AG9: =IF(ISERROR(FIND(AG$1,'Import_Add_Proc_(DE1-11) NEW'!$D9)),0,1) -> 1 | ... AJ9: =IF(ISERROR(FIND(AJ$1,'Import_Add_Proc_(DE1-11) NEW'!$D9)),0,1) -> 0 | AK9: =IF(ISERROR(FIND(AK$1,'Import_Add_Proc_(DE1-11) NEW'!$E9)),0,1) -> 0 | AL9: =IF(ISERROR(FIND(AL$1,'Import_Add_Proc_(DE1-11) NEW'!$E9)),0,1) -> 1 | AM9: =IF(ISERROR(FIND(AM$1,'Import_Add_Proc_(DE1-11) NEW'!$E9)),0,1) -> 0 | AN9: =IF(ISERROR(FIND(AN$1,'Import_Add_Proc_(DE1-11) NEW'!$E9)),0,1) -> 0 | AO9: =IF(ISERROR(FIND(AO$1,'Import_Add_Proc_(DE1-11) NEW'!$E9)),0,1) -> 1 | AP9: =IF(ISERROR(FIND(AP$1,'Import_Add_Proc_(DE1-11) NEW'!$E9)),0,1) -> 0 | AQ9: =IF(ISERROR(FIND(AQ$1,'Import_Add_Proc_(DE1-11) NEW'!$E9)),0,1) -> 0 | AR9: =IF(ISERROR(FIND(AR$1,'Import_Add_Proc_(DE1-11) NEW'!$E9)),0,1) -> 0 | ... AU9: =IF(ISERROR(FIND(AU$1,'Import_Add_Proc_(DE1-11) NEW'!$E9)),0,1) -> 1 | AV9: =O9+Z9+AK9 -> 1 | AW9: =P9+AA9+AL9 -> 1 | AX9: =Q9+AB9+AM9 -> 1 | AY9: =R9+AC9+AN9 -> 1 | AZ9: =S9+AD9+AO9 -> 1 | BA9: =T9+AE9+AP9 -> 1 | BB9: =U9+AF9+AQ9 -> 1 | BC9: =V9+AG9+AR9 -> 1 | ... BF9: =Y9+AJ9+AU9 -> 1
A10: ='Import_Add_Proc_(DE1-11) NEW'!A10 -> C06 | B10: ='Import_Add_Proc_(DE1-11) NEW'!B10 -> N | C10: =IF(AV10<>1,"*",IF(O10,"P",IF(Z10,"R","N"))) -> P | D10: =IF(AW10<>1,"*",IF(P10,"P",IF(AA10,"R","N"))) -> N | E10: =IF(AX10<>1,"*",IF(Q10,"P",IF(AB10,"R","N"))) -> P | F10: =IF(AY10<>1,"*",IF(R10,"P",IF(AC10,"R","N"))) -> P | G10: =IF(AZ10<>1,"*",IF(S10,"P",IF(AD10,"R","N"))) -> N | H10: =IF(BA10<>1,"*",IF(T10,"P",IF(AE10,"R","N"))) -> P | I10: =IF(BB10<>1,"*",IF(U10,"P",IF(AF10,"R","N"))) -> P | J10: =IF(BC10<>1,"*",IF(V10,"P",IF(AG10,"R","N"))) -> P | ... M10: =IF(BF10<>1,"*",IF(Y10,"P",IF(AJ10,"R","N"))) -> N | N10: =IF(ISBLANK('Import_Add_Proc_(DE1-11) NEW'!F10),"",'Import_Add_Proc_(DE1-11) NEW'!F10) | O10: =IF(ISERROR(FIND(O$1,'Import_Add_Proc_(DE1-11) NEW'!$C10)),0,1) -> 1 | P10: =IF(ISERROR(FIND(P$1,'Import_Add_Proc_(DE1-11) NEW'!$C10)),0,1) -> 0 | Q10: =IF(ISERROR(FIND(Q$1,'Import_Add_Proc_(DE1-11) NEW'!$C10)),0,1) -> 1 | R10: =IF(ISERROR(FIND(R$1,'Import_Add_Proc_(DE1-11) NEW'!$C10)),0,1) -> 1 | S10: =IF(ISERROR(FIND(S$1,'Import_Add_Proc_(DE1-11) NEW'!$C10)),0,1) -> 0 | T10: =IF(ISERROR(FIND(T$1,'Import_Add_Proc_(DE1-11) NEW'!$C10)),0,1) -> 1 | U10: =IF(ISERROR(FIND(U$1,'Import_Add_Proc_(DE1-11) NEW'!$C10)),0,1) -> 1 | V10: =IF(ISERROR(FIND(V$1,'Import_Add_Proc_(DE1-11) NEW'!$C10)),0,1) -> 1 | ... Y10: =IF(ISERROR(FIND(Y$1,'Import_Add_Proc_(DE1-11) NEW'!$C10)),0,1) -> 0 | Z10: =IF(ISERROR(FIND(Z$1,'Import_Add_Proc_(DE1-11) NEW'!$D10)),0,1) -> 0 | AA10: =IF(ISERROR(FIND(AA$1,'Import_Add_Proc_(DE1-11) NEW'!$D10)),0,1) -> 0 | AB10: =IF(ISERROR(FIND(AB$1,'Import_Add_Proc_(DE1-11) NEW'!$D10)),0,1) -> 0 | AC10: =IF(ISERROR(FIND(AC$1,'Import_Add_Proc_(DE1-11) NEW'!$D10)),0,1) -> 0 | AD10: =IF(ISERROR(FIND(AD$1,'Import_Add_Proc_(DE1-11) NEW'!$D10)),0,1) -> 0 | AE10: =IF(ISERROR(FIND(AE$1,'Import_Add_Proc_(DE1-11) NEW'!$D10)),0,1) -> 0 | AF10: =IF(ISERROR(FIND(AF$1,'Import_Add_Proc_(DE1-11) NEW'!$D10)),0,1) -> 0 | AG10: =IF(ISERROR(FIND(AG$1,'Import_Add_Proc_(DE1-11) NEW'!$D10)),0,1) -> 0 | ... AJ10: =IF(ISERROR(FIND(AJ$1,'Import_Add_Proc_(DE1-11) NEW'!$D10)),0,1) -> 0 | AK10: =IF(ISERROR(FIND(AK$1,'Import_Add_Proc_(DE1-11) NEW'!$E10)),0,1) -> 0 | AL10: =IF(ISERROR(FIND(AL$1,'Import_Add_Proc_(DE1-11) NEW'!$E10)),0,1) -> 1 | AM10: =IF(ISERROR(FIND(AM$1,'Import_Add_Proc_(DE1-11) NEW'!$E10)),0,1) -> 0 | AN10: =IF(ISERROR(FIND(AN$1,'Import_Add_Proc_(DE1-11) NEW'!$E10)),0,1) -> 0 | AO10: =IF(ISERROR(FIND(AO$1,'Import_Add_Proc_(DE1-11) NEW'!$E10)),0,1) -> 1 | AP10: =IF(ISERROR(FIND(AP$1,'Import_Add_Proc_(DE1-11) NEW'!$E10)),0,1) -> 0 | AQ10: =IF(ISERROR(FIND(AQ$1,'Import_Add_Proc_(DE1-11) NEW'!$E10)),0,1) -> 0 | AR10: =IF(ISERROR(FIND(AR$1,'Import_Add_Proc_(DE1-11) NEW'!$E10)),0,1) -> 0 | ... AU10: =IF(ISERROR(FIND(AU$1,'Import_Add_Proc_(DE1-11) NEW'!$E10)),0,1) -> 1 | AV10: =O10+Z10+AK10 -> 1 | AW10: =P10+AA10+AL10 -> 1 | AX10: =Q10+AB10+AM10 -> 1 | AY10: =R10+AC10+AN10 -> 1 | AZ10: =S10+AD10+AO10 -> 1 | BA10: =T10+AE10+AP10 -> 1 | BB10: =U10+AF10+AQ10 -> 1 | BC10: =V10+AG10+AR10 -> 1 | ... BF10: =Y10+AJ10+AU10 -> 1
A11: ='Import_Add_Proc_(DE1-11) NEW'!A11 -> C07 | B11: ='Import_Add_Proc_(DE1-11) NEW'!B11 -> N | C11: =IF(AV11<>1,"*",IF(O11,"P",IF(Z11,"R","N"))) -> P | D11: =IF(AW11<>1,"*",IF(P11,"P",IF(AA11,"R","N"))) -> P | E11: =IF(AX11<>1,"*",IF(Q11,"P",IF(AB11,"R","N"))) -> P | F11: =IF(AY11<>1,"*",IF(R11,"P",IF(AC11,"R","N"))) -> P | G11: =IF(AZ11<>1,"*",IF(S11,"P",IF(AD11,"R","N"))) -> P | H11: =IF(BA11<>1,"*",IF(T11,"P",IF(AE11,"R","N"))) -> P | I11: =IF(BB11<>1,"*",IF(U11,"P",IF(AF11,"R","N"))) -> P | J11: =IF(BC11<>1,"*",IF(V11,"P",IF(AG11,"R","N"))) -> P | ... M11: =IF(BF11<>1,"*",IF(Y11,"P",IF(AJ11,"R","N"))) -> N | N11: =IF(ISBLANK('Import_Add_Proc_(DE1-11) NEW'!F11),"",'Import_Add_Proc_(DE1-11) NEW'!F11) | O11: =IF(ISERROR(FIND(O$1,'Import_Add_Proc_(DE1-11) NEW'!$C11)),0,1) -> 1 | P11: =IF(ISERROR(FIND(P$1,'Import_Add_Proc_(DE1-11) NEW'!$C11)),0,1) -> 1 | Q11: =IF(ISERROR(FIND(Q$1,'Import_Add_Proc_(DE1-11) NEW'!$C11)),0,1) -> 1 | R11: =IF(ISERROR(FIND(R$1,'Import_Add_Proc_(DE1-11) NEW'!$C11)),0,1) -> 1 | S11: =IF(ISERROR(FIND(S$1,'Import_Add_Proc_(DE1-11) NEW'!$C11)),0,1) -> 1 | T11: =IF(ISERROR(FIND(T$1,'Import_Add_Proc_(DE1-11) NEW'!$C11)),0,1) -> 1 | U11: =IF(ISERROR(FIND(U$1,'Import_Add_Proc_(DE1-11) NEW'!$C11)),0,1) -> 1 | V11: =IF(ISERROR(FIND(V$1,'Import_Add_Proc_(DE1-11) NEW'!$C11)),0,1) -> 1 | ... Y11: =IF(ISERROR(FIND(Y$1,'Import_Add_Proc_(DE1-11) NEW'!$C11)),0,1) -> 0 | Z11: =IF(ISERROR(FIND(Z$1,'Import_Add_Proc_(DE1-11) NEW'!$D11)),0,1) -> 0 | AA11: =IF(ISERROR(FIND(AA$1,'Import_Add_Proc_(DE1-11) NEW'!$D11)),0,1) -> 0 | AB11: =IF(ISERROR(FIND(AB$1,'Import_Add_Proc_(DE1-11) NEW'!$D11)),0,1) -> 0 | AC11: =IF(ISERROR(FIND(AC$1,'Import_Add_Proc_(DE1-11) NEW'!$D11)),0,1) -> 0 | AD11: =IF(ISERROR(FIND(AD$1,'Import_Add_Proc_(DE1-11) NEW'!$D11)),0,1) -> 0 | AE11: =IF(ISERROR(FIND(AE$1,'Import_Add_Proc_(DE1-11) NEW'!$D11)),0,1) -> 0 | AF11: =IF(ISERROR(FIND(AF$1,'Import_Add_Proc_(DE1-11) NEW'!$D11)),0,1) -> 0 | AG11: =IF(ISERROR(FIND(AG$1,'Import_Add_Proc_(DE1-11) NEW'!$D11)),0,1) -> 0 | ... AJ11: =IF(ISERROR(FIND(AJ$1,'Import_Add_Proc_(DE1-11) NEW'!$D11)),0,1) -> 0 | AK11: =IF(ISERROR(FIND(AK$1,'Import_Add_Proc_(DE1-11) NEW'!$E11)),0,1) -> 0 | AL11: =IF(ISERROR(FIND(AL$1,'Import_Add_Proc_(DE1-11) NEW'!$E11)),0,1) -> 0 | AM11: =IF(ISERROR(FIND(AM$1,'Import_Add_Proc_(DE1-11) NEW'!$E11)),0,1) -> 0 | AN11: =IF(ISERROR(FIND(AN$1,'Import_Add_Proc_(DE1-11) NEW'!$E11)),0,1) -> 0 | AO11: =IF(ISERROR(FIND(AO$1,'Import_Add_Proc_(DE1-11) NEW'!$E11)),0,1) -> 0 | AP11: =IF(ISERROR(FIND(AP$1,'Import_Add_Proc_(DE1-11) NEW'!$E11)),0,1) -> 0 | AQ11: =IF(ISERROR(FIND(AQ$1,'Import_Add_Proc_(DE1-11) NEW'!$E11)),0,1) -> 0 | AR11: =IF(ISERROR(FIND(AR$1,'Import_Add_Proc_(DE1-11) NEW'!$E11)),0,1) -> 0 | ... AU11: =IF(ISERROR(FIND(AU$1,'Import_Add_Proc_(DE1-11) NEW'!$E11)),0,1) -> 1 | AV11: =O11+Z11+AK11 -> 1 | AW11: =P11+AA11+AL11 -> 1 | AX11: =Q11+AB11+AM11 -> 1 | AY11: =R11+AC11+AN11 -> 1 | AZ11: =S11+AD11+AO11 -> 1 | BA11: =T11+AE11+AP11 -> 1 | BB11: =U11+AF11+AQ11 -> 1 | BC11: =V11+AG11+AR11 -> 1 | ... BF11: =Y11+AJ11+AU11 -> 1
A12: ='Import_Add_Proc_(DE1-11) NEW'!A12 -> C08 | B12: ='Import_Add_Proc_(DE1-11) NEW'!B12 -> N | C12: =IF(AV12<>1,"*",IF(O12,"P",IF(Z12,"R","N"))) -> P | D12: =IF(AW12<>1,"*",IF(P12,"P",IF(AA12,"R","N"))) -> P | E12: =IF(AX12<>1,"*",IF(Q12,"P",IF(AB12,"R","N"))) -> R | F12: =IF(AY12<>1,"*",IF(R12,"P",IF(AC12,"R","N"))) -> P | G12: =IF(AZ12<>1,"*",IF(S12,"P",IF(AD12,"R","N"))) -> P | H12: =IF(BA12<>1,"*",IF(T12,"P",IF(AE12,"R","N"))) -> R | I12: =IF(BB12<>1,"*",IF(U12,"P",IF(AF12,"R","N"))) -> R | J12: =IF(BC12<>1,"*",IF(V12,"P",IF(AG12,"R","N"))) -> R | ... M12: =IF(BF12<>1,"*",IF(Y12,"P",IF(AJ12,"R","N"))) -> N | N12: =IF(ISBLANK('Import_Add_Proc_(DE1-11) NEW'!F12),"",'Import_Add_Proc_(DE1-11) NEW'!F12) -> EIDR & SDP only with rep status 3 | O12: =IF(ISERROR(FIND(O$1,'Import_Add_Proc_(DE1-11) NEW'!$C12)),0,1) -> 1 | P12: =IF(ISERROR(FIND(P$1,'Import_Add_Proc_(DE1-11) NEW'!$C12)),0,1) -> 1 | Q12: =IF(ISERROR(FIND(Q$1,'Import_Add_Proc_(DE1-11) NEW'!$C12)),0,1) -> 0 | R12: =IF(ISERROR(FIND(R$1,'Import_Add_Proc_(DE1-11) NEW'!$C12)),0,1) -> 1 | S12: =IF(ISERROR(FIND(S$1,'Import_Add_Proc_(DE1-11) NEW'!$C12)),0,1) -> 1 | T12: =IF(ISERROR(FIND(T$1,'Import_Add_Proc_(DE1-11) NEW'!$C12)),0,1) -> 0 | U12: =IF(ISERROR(FIND(U$1,'Import_Add_Proc_(DE1-11) NEW'!$C12)),0,1) -> 0 | V12: =IF(ISERROR(FIND(V$1,'Import_Add_Proc_(DE1-11) NEW'!$C12)),0,1) -> 0 | ... Y12: =IF(ISERROR(FIND(Y$1,'Import_Add_Proc_(DE1-11) NEW'!$C12)),0,1) -> 0 | Z12: =IF(ISERROR(FIND(Z$1,'Import_Add_Proc_(DE1-11) NEW'!$D12)),0,1) -> 0 | AA12: =IF(ISERROR(FIND(AA$1,'Import_Add_Proc_(DE1-11) NEW'!$D12)),0,1) -> 0 | AB12: =IF(ISERROR(FIND(AB$1,'Import_Add_Proc_(DE1-11) NEW'!$D12)),0,1) -> 1 | AC12: =IF(ISERROR(FIND(AC$1,'Import_Add_Proc_(DE1-11) NEW'!$D12)),0,1) -> 0 | AD12: =IF(ISERROR(FIND(AD$1,'Import_Add_Proc_(DE1-11) NEW'!$D12)),0,1) -> 0 | AE12: =IF(ISERROR(FIND(AE$1,'Import_Add_Proc_(DE1-11) NEW'!$D12)),0,1) -> 1 | AF12: =IF(ISERROR(FIND(AF$1,'Import_Add_Proc_(DE1-11) NEW'!$D12)),0,1) -> 1 | AG12: =IF(ISERROR(FIND(AG$1,'Import_Add_Proc_(DE1-11) NEW'!$D12)),0,1) -> 1 | ... AJ12: =IF(ISERROR(FIND(AJ$1,'Import_Add_Proc_(DE1-11) NEW'!$D12)),0,1) -> 0 | AK12: =IF(ISERROR(FIND(AK$1,'Import_Add_Proc_(DE1-11) NEW'!$E12)),0,1) -> 0 | AL12: =IF(ISERROR(FIND(AL$1,'Import_Add_Proc_(DE1-11) NEW'!$E12)),0,1) -> 0 | AM12: =IF(ISERROR(FIND(AM$1,'Import_Add_Proc_(DE1-11) NEW'!$E12)),0,1) -> 0 | AN12: =IF(ISERROR(FIND(AN$1,'Import_Add_Proc_(DE1-11) NEW'!$E12)),0,1) -> 0 | AO12: =IF(ISERROR(FIND(AO$1,'Import_Add_Proc_(DE1-11) NEW'!$E12)),0,1) -> 0 | AP12: =IF(ISERROR(FIND(AP$1,'Import_Add_Proc_(DE1-11) NEW'!$E12)),0,1) -> 0 | AQ12: =IF(ISERROR(FIND(AQ$1,'Import_Add_Proc_(DE1-11) NEW'!$E12)),0,1) -> 0 | AR12: =IF(ISERROR(FIND(AR$1,'Import_Add_Proc_(DE1-11) NEW'!$E12)),0,1) -> 0 | ... AU12: =IF(ISERROR(FIND(AU$1,'Import_Add_Proc_(DE1-11) NEW'!$E12)),0,1) -> 1 | AV12: =O12+Z12+AK12 -> 1 | AW12: =P12+AA12+AL12 -> 1 | AX12: =Q12+AB12+AM12 -> 1 | AY12: =R12+AC12+AN12 -> 1 | AZ12: =S12+AD12+AO12 -> 1 | BA12: =T12+AE12+AP12 -> 1 | BB12: =U12+AF12+AQ12 -> 1 | BC12: =V12+AG12+AR12 -> 1 | ... BF12: =Y12+AJ12+AU12 -> 1
A13: ='Import_Add_Proc_(DE1-11) NEW'!A13 -> C09 | B13: ='Import_Add_Proc_(DE1-11) NEW'!B13 -> N | C13: =IF(AV13<>1,"*",IF(O13,"P",IF(Z13,"R","N"))) -> P | D13: =IF(AW13<>1,"*",IF(P13,"P",IF(AA13,"R","N"))) -> N | E13: =IF(AX13<>1,"*",IF(Q13,"P",IF(AB13,"R","N"))) -> P | F13: =IF(AY13<>1,"*",IF(R13,"P",IF(AC13,"R","N"))) -> P | G13: =IF(AZ13<>1,"*",IF(S13,"P",IF(AD13,"R","N"))) -> N | H13: =IF(BA13<>1,"*",IF(T13,"P",IF(AE13,"R","N"))) -> P | I13: =IF(BB13<>1,"*",IF(U13,"P",IF(AF13,"R","N"))) -> P | J13: =IF(BC13<>1,"*",IF(V13,"P",IF(AG13,"R","N"))) -> P | ... M13: =IF(BF13<>1,"*",IF(Y13,"P",IF(AJ13,"R","N"))) -> N | N13: =IF(ISBLANK('Import_Add_Proc_(DE1-11) NEW'!F13),"",'Import_Add_Proc_(DE1-11) NEW'!F13) | O13: =IF(ISERROR(FIND(O$1,'Import_Add_Proc_(DE1-11) NEW'!$C13)),0,1) -> 1 | P13: =IF(ISERROR(FIND(P$1,'Import_Add_Proc_(DE1-11) NEW'!$C13)),0,1) -> 0 | Q13: =IF(ISERROR(FIND(Q$1,'Import_Add_Proc_(DE1-11) NEW'!$C13)),0,1) -> 1 | R13: =IF(ISERROR(FIND(R$1,'Import_Add_Proc_(DE1-11) NEW'!$C13)),0,1) -> 1 | S13: =IF(ISERROR(FIND(S$1,'Import_Add_Proc_(DE1-11) NEW'!$C13)),0,1) -> 0 | T13: =IF(ISERROR(FIND(T$1,'Import_Add_Proc_(DE1-11) NEW'!$C13)),0,1) -> 1 | U13: =IF(ISERROR(FIND(U$1,'Import_Add_Proc_(DE1-11) NEW'!$C13)),0,1) -> 1 | V13: =IF(ISERROR(FIND(V$1,'Import_Add_Proc_(DE1-11) NEW'!$C13)),0,1) -> 1 | ... Y13: =IF(ISERROR(FIND(Y$1,'Import_Add_Proc_(DE1-11) NEW'!$C13)),0,1) -> 0 | Z13: =IF(ISERROR(FIND(Z$1,'Import_Add_Proc_(DE1-11) NEW'!$D13)),0,1) -> 0 | AA13: =IF(ISERROR(FIND(AA$1,'Import_Add_Proc_(DE1-11) NEW'!$D13)),0,1) -> 0 | AB13: =IF(ISERROR(FIND(AB$1,'Import_Add_Proc_(DE1-11) NEW'!$D13)),0,1) -> 0 | AC13: =IF(ISERROR(FIND(AC$1,'Import_Add_Proc_(DE1-11) NEW'!$D13)),0,1) -> 0 | AD13: =IF(ISERROR(FIND(AD$1,'Import_Add_Proc_(DE1-11) NEW'!$D13)),0,1) -> 0 | AE13: =IF(ISERROR(FIND(AE$1,'Import_Add_Proc_(DE1-11) NEW'!$D13)),0,1) -> 0 | AF13: =IF(ISERROR(FIND(AF$1,'Import_Add_Proc_(DE1-11) NEW'!$D13)),0,1) -> 0 | AG13: =IF(ISERROR(FIND(AG$1,'Import_Add_Proc_(DE1-11) NEW'!$D13)),0,1) -> 0 | ... AJ13: =IF(ISERROR(FIND(AJ$1,'Import_Add_Proc_(DE1-11) NEW'!$D13)),0,1) -> 0 | AK13: =IF(ISERROR(FIND(AK$1,'Import_Add_Proc_(DE1-11) NEW'!$E13)),0,1) -> 0 | AL13: =IF(ISERROR(FIND(AL$1,'Import_Add_Proc_(DE1-11) NEW'!$E13)),0,1) -> 1 | AM13: =IF(ISERROR(FIND(AM$1,'Import_Add_Proc_(DE1-11) NEW'!$E13)),0,1) -> 0 | AN13: =IF(ISERROR(FIND(AN$1,'Import_Add_Proc_(DE1-11) NEW'!$E13)),0,1) -> 0 | AO13: =IF(ISERROR(FIND(AO$1,'Import_Add_Proc_(DE1-11) NEW'!$E13)),0,1) -> 1 | AP13: =IF(ISERROR(FIND(AP$1,'Import_Add_Proc_(DE1-11) NEW'!$E13)),0,1) -> 0 | AQ13: =IF(ISERROR(FIND(AQ$1,'Import_Add_Proc_(DE1-11) NEW'!$E13)),0,1) -> 0 | AR13: =IF(ISERROR(FIND(AR$1,'Import_Add_Proc_(DE1-11) NEW'!$E13)),0,1) -> 0 | ... AU13: =IF(ISERROR(FIND(AU$1,'Import_Add_Proc_(DE1-11) NEW'!$E13)),0,1) -> 1 | AV13: =O13+Z13+AK13 -> 1 | AW13: =P13+AA13+AL13 -> 1 | AX13: =Q13+AB13+AM13 -> 1 | AY13: =R13+AC13+AN13 -> 1 | AZ13: =S13+AD13+AO13 -> 1 | BA13: =T13+AE13+AP13 -> 1 | BB13: =U13+AF13+AQ13 -> 1 | BC13: =V13+AG13+AR13 -> 1 | ... BF13: =Y13+AJ13+AU13 -> 1
... A300: ='Import_Add_Proc_(DE1-11) NEW'!A300 | B300: ='Import_Add_Proc_(DE1-11) NEW'!B300 | C300: =IF(AV300<>1,"*",IF(O300,"P",IF(Z300,"R","N"))) -> * | D300: =IF(AW300<>1,"*",IF(P300,"P",IF(AA300,"R","N"))) -> * | E300: =IF(AX300<>1,"*",IF(Q300,"P",IF(AB300,"R","N"))) -> * | F300: =IF(AY300<>1,"*",IF(R300,"P",IF(AC300,"R","N"))) -> * | G300: =IF(AZ300<>1,"*",IF(S300,"P",IF(AD300,"R","N"))) -> * | H300: =IF(BA300<>1,"*",IF(T300,"P",IF(AE300,"R","N"))) -> * | I300: =IF(BB300<>1,"*",IF(U300,"P",IF(AF300,"R","N"))) -> * | J300: =IF(BC300<>1,"*",IF(V300,"P",IF(AG300,"R","N"))) -> * | ... M300: =IF(BF300<>1,"*",IF(Y300,"P",IF(AJ300,"R","N"))) -> * | N300: =IF(ISBLANK('Import_Add_Proc_(DE1-11) NEW'!F300),"",'Import_Add_Proc_(DE1-11) NEW'!F300) | O300: =IF(ISERROR(FIND(O$1,'Import_Add_Proc_(DE1-11) NEW'!$C300)),0,1) -> 0 | P300: =IF(ISERROR(FIND(P$1,'Import_Add_Proc_(DE1-11) NEW'!$C300)),0,1) -> 0 | Q300: =IF(ISERROR(FIND(Q$1,'Import_Add_Proc_(DE1-11) NEW'!$C300)),0,1) -> 0 | R300: =IF(ISERROR(FIND(R$1,'Import_Add_Proc_(DE1-11) NEW'!$C300)),0,1) -> 0 | S300: =IF(ISERROR(FIND(S$1,'Import_Add_Proc_(DE1-11) NEW'!$C300)),0,1) -> 0 | T300: =IF(ISERROR(FIND(T$1,'Import_Add_Proc_(DE1-11) NEW'!$C300)),0,1) -> 0 | U300: =IF(ISERROR(FIND(U$1,'Import_Add_Proc_(DE1-11) NEW'!$C300)),0,1) -> 0 | V300: =IF(ISERROR(FIND(V$1,'Import_Add_Proc_(DE1-11) NEW'!$C300)),0,1) -> 0 | ... Y300: =IF(ISERROR(FIND(Y$1,'Import_Add_Proc_(DE1-11) NEW'!$C300)),0,1) -> 0 | Z300: =IF(ISERROR(FIND(Z$1,'Import_Add_Proc_(DE1-11) NEW'!$D300)),0,1) -> 0 | AA300: =IF(ISERROR(FIND(AA$1,'Import_Add_Proc_(DE1-11) NEW'!$D300)),0,1) -> 0 | AB300: =IF(ISERROR(FIND(AB$1,'Import_Add_Proc_(DE1-11) NEW'!$D300)),0,1) -> 0 | AC300: =IF(ISERROR(FIND(AC$1,'Import_Add_Proc_(DE1-11) NEW'!$D300)),0,1) -> 0 | AD300: =IF(ISERROR(FIND(AD$1,'Import_Add_Proc_(DE1-11) NEW'!$D300)),0,1) -> 0 | AE300: =IF(ISERROR(FIND(AE$1,'Import_Add_Proc_(DE1-11) NEW'!$D300)),0,1) -> 0 | AF300: =IF(ISERROR(FIND(AF$1,'Import_Add_Proc_(DE1-11) NEW'!$D300)),0,1) -> 0 | AG300: =IF(ISERROR(FIND(AG$1,'Import_Add_Proc_(DE1-11) NEW'!$D300)),0,1) -> 0 | ... AJ300: =IF(ISERROR(FIND(AJ$1,'Import_Add_Proc_(DE1-11) NEW'!$D300)),0,1) -> 0 | AK300: =IF(ISERROR(FIND(AK$1,'Import_Add_Proc_(DE1-11) NEW'!$E300)),0,1) -> 0 | AL300: =IF(ISERROR(FIND(AL$1,'Import_Add_Proc_(DE1-11) NEW'!$E300)),0,1) -> 0 | AM300: =IF(ISERROR(FIND(AM$1,'Import_Add_Proc_(DE1-11) NEW'!$E300)),0,1) -> 0 | AN300: =IF(ISERROR(FIND(AN$1,'Import_Add_Proc_(DE1-11) NEW'!$E300)),0,1) -> 0 | AO300: =IF(ISERROR(FIND(AO$1,'Import_Add_Proc_(DE1-11) NEW'!$E300)),0,1) -> 0 | AP300: =IF(ISERROR(FIND(AP$1,'Import_Add_Proc_(DE1-11) NEW'!$E300)),0,1) -> 0 | AQ300: =IF(ISERROR(FIND(AQ$1,'Import_Add_Proc_(DE1-11) NEW'!$E300)),0,1) -> 0 | AR300: =IF(ISERROR(FIND(AR$1,'Import_Add_Proc_(DE1-11) NEW'!$E300)),0,1) -> 0 | ... AU300: =IF(ISERROR(FIND(AU$1,'Import_Add_Proc_(DE1-11) NEW'!$E300)),0,1) -> 0 | AV300: =O300+Z300+AK300 -> 0 | AW300: =P300+AA300+AL300 -> 0 | AX300: =Q300+AB300+AM300 -> 0 | AY300: =R300+AC300+AN300 -> 0 | AZ300: =S300+AD300+AO300 -> 0 | BA300: =T300+AE300+AP300 -> 0 | BB300: =U300+AF300+AQ300 -> 0 | BC300: =V300+AG300+AR300 -> 0 | ... BF300: =Y300+AJ300+AU300 -> 0

Sheet Export_Add_Proc_(DE1-11)
A1: DE 1/11 | B1: C21e | C1: PERMITTED | D1: RESTRICTED | E1: NOTPERMITTED | F1: Comments
A2: A04 | B2: N | C2: A,C,D,F,J,K | D2: Y,Z | E2: B,E | F2: EIDR can only be used with direct exports and when pre-departure dec is waived.
A3: B51 | B3: N | C3: A,D | E3: B,C,E,F,J,K,Y,Z | F3: SDP & EIDR not permitted
A4: B52 | B4: N | C4: A,D | E4: B,C,E,F,J,K,Y,Z | F4: SDP & EIDR not permitted
A5: B53 | B5: N | C5: A,D | E5: B,C,E,F,J,K,Y,Z | F5: SDP & EIDR not permitted
A6: B54 | B6: N | C6: A,D | E6: B,C,E,F,J,K,Y,Z | F6: SDP & EIDR not permitted
A7: C12 | B7: N | C7: A,C,D,F,J,K | D7: Y,Z | E7: B,E | F7: EIDR can only be used with direct exports and when pre-departure dec is waived.
A8: D01 | B8: N | C8: A,C,D,F,J,K | D8: Y,Z | E8: B,E | F8: See introduction to D series DE 1/11 notes for all restrictions on use of SDP & EIDR
A9: D02 | B9: N | C9: A,C,D,F,J,K | D9: Y,Z | E9: B,E | F9: See introduction to D series DE 1/11 notes for all restrictions on use of SDP & EIDR
A10: D03 | B10: N | C10: A,C,D,F,J,K | D10: Y,Z | E10: B,E | F10: See introduction to D series DE 1/11 notes for all restrictions on use of SDP & EIDR
A11: D04 | B11: N | C11: A,C,D,F,J,K | D11: Y,Z | E11: B,E | F11: See introduction to D series DE 1/11 notes for all restrictions on use of SDP & EIDR
A12: D05 | B12: N | C12: A,C,D,F,J,K | D12: Y,Z | E12: B,E | F12: See introduction to D series DE 1/11 notes for all restrictions on use of SDP & EIDR
A13: D06 | B13: N | C13: A,C,D,F,J,K | D13: Y,Z | E13: B,E | F13: See introduction to D series DE 1/11 notes for all restrictions on use of SDP & EIDR
A14: D07 | B14: N | C14: A,C,D,F,J,K | D14: Y,Z | E14: B,E | F14: See introduction to D series DE 1/11 notes for all restrictions on use of SDP & EIDR
A15: D08 | B15: N | C15: A,C,D,F,J,K | D15: Y,Z | E15: B,E | F15: See introduction to D series DE 1/11 notes for all restrictions on use of SDP & EIDR
A16: D09 | B16: N | C16: A,C,D,F,J,K | D16: Y,Z | E16: B,E | F16: See introduction to D series DE 1/11 notes for all restrictions on use of SDP & EIDR
A17: D10 | B17: N | C17: A,C,D,F,J,K | D17: Y,Z | E17: B,E | F17: See introduction to D series DE 1/11 notes for all restrictions on use of SDP & EIDR
A18: D11 | B18: N | C18: A,C,D,F,J,K | D18: Y,Z | E18: B,E | F18: See introduction to D series DE 1/11 notes for all restrictions on use of SDP & EIDR
... A40: 000 | B40: N | C40: A,C,D,F,J,K | D40: Y,Z | E40: B,E | F40: EIDR can only be used with direct exports and when pre-departure dec is waived
A41: 0GD | B41: N | C41: A,B,D,E, | D41: C,F,J,K,Y,Z | F41: EIDR can only be used with direct exports and when pre-departure dec is waived SDP & EIDR only if representative status in DE 3/21 is code 3
A42: 0MG | B42: N | C42: A,D | E42: B,C,E,F,J,K,Y,Z | F42: SDP & EIDR not permitted
A43: 1CD | B43: N | C43: C,F,Y | E43: A,B,D,E,J,K,Z | F43: EIDR not permitted SDP mandatory
A44: 1CG | B44: N | C44: C,F,Y | E44: A,B,D,E,J,K,Z | F44: EIDR not permitted SDP mandatory
A45: 1DP | B45: N | C45: A,B,D,E | E45: C,F,J,K,Y,Z | F45: SDP & EIDR not permitted
A46: 1MP | B46: N | C46: A,C,D,F,Y | E46: B,E,J,K,Z | F46: EIDR not permitted SDP not permitted for controlled goods
A47: 1NO | B47: N | C47: A,B,D,E | E47: C,F,J,K,Y,Z | F47: SDP & EIDR not permitted
A48: 1NP | B48: N | C48: A,B,D,E | E48: C,F,J,K,Y,Z | F48: SDP & EIDR not permitted
A49: 1SW | B49: N | C49: A,C,D,F,J,K | D49: Y,Z | E49: B,E | F49: EIDR can only be used with direct exports and when pre-departure dec is waived
A50: 1VW | B50: N | C50: A,C,D,F,J,K | D50: Y,Z | E50: B,E | F50: EIDR can only be used with direct exports and when pre-departure dec is waived
A51: 2CD | B51: N | C51: C,F,Y | E51: A,B,D,E,J,K,Z | F51: EIDR not permitted SDP mandatory
A52: 2CG | B52: N | C52: C,F,Y | E52: A,B,D,E,J,K,Z | F52: EIDR not permitted SDP mandatory
A53: 2DP | B53: N | C53: A,B,D,E | E53: C,F,J,K,Y,Z | F53: SDP & EIDR not permitted
A54: 2ES | B54: N | C54: A,D | E54: B,C,E,F,J,K,Y,Z | F54: SDP & EIDR not permitted
A55: 2IE | B55: N | C55: A,C,D,F,Y | E55: B,E,J,K,Z | F55: EIDR not permitted
A56: 3LV | B56: N | C56: A,B,C,D,E,F,J,K | D56: Y,Z | F56: EIDR can only be used with direct exports and when pre-departure dec is waived
A57: 3NS | B57: N | C57: A,B,C,D,E,F,J,K | D57: Y,Z | F57: EIDR can only be used with direct exports and when pre-departure dec is waived
A58: 3PE | B58: N | C58: A,B,C,D,E,F,J,K | D58: Y,Z | F58: EIDR can only be used with direct exports and when pre-departure dec is waived SDP & EIDR only if representative status in DE 3/21 is code 3
A59: 3PM | B59: N | C59: A,B,C,D,E,F,J,K | D59: Y,Z | F59: EIDR can only be used with direct exports and when pre-departure dec is waived SDP & EIDR only if representative status in DE 3/21 is code 3
A60: 3RI | B60: N | C60: A,C,D,F,J,K | D60: Y,Z | E60: B,E | F60: EIDR can only be used with direct exports and when pre-departure dec is waived
A61: 46P | B61: N | C61: A,D | E61: B,C,E,F,J,K,Y,Z | F61: SDP & EIDR not permitted
A62: 48P | B62: N | C62: A,D | E62: B,C,E,F,J,K,Y,Z | F62: SDP & EIDR not permitted
A63: 000 | B63: Y | C63: K | D63: J | E63: A,B,C,D,E,F,Y,Z | F63: J only permitted with procedure code 0017 and when combined with EIDR
A64: 10C | B64: Y | C64: K | E64: A,B,C,D,E,F,J,Y,Z
A65: 11A | B65: Y | C65: K | E65: A,B,C,D,E,F,J,Y,Z
A66: 12A | B66: Y | C66: K | E66: A,B,C,D,E,F,J,Y,Z
A67: 13C | B67: Y | C67: K | E67: A,B,C,D,E,F,J,Y,Z
A68: 14C | B68: Y | C68: K | E68: A,B,C,D,E,F,J,Y,Z
A69: 15F | B69: Y | C69: K | D69: J | E69: A,B,C,D,E,F,Y,Z | F69: J only permitted with procedure code 0017 and when combined with EIDR
A70: 17X | B70: Y | C70: K | D70: J | E70: A,B,C,D,E,F,Y,Z | F70: J only permitted with procedure code 0017 and when combined with EIDR
A71: 19Z | B71: Y | C71: K | D71: J | E71: A,B,C,D,E,F,Y,Z | F71: J only permitted with procedure code 0017 and when combined with EIDR
A72: 21G | B72: Y | C72: K | E72: A,B,C,D,E,F,J,Y,Z
A73: 22C | B73: Y | C73: K | E73: A,B,C,D,E,F,J,Y,Z
A74: 23A | B74: Y | C74: K | E74: A,B,C,D,E,F,J,Y,Z
A75: 24S | B75: Y | C75: K | E75: A,B,C,D,E,F,J,Y,Z
A76: 25D | B76: Y | C76: K | E76: A,B,C,D,E,F,J,Y,Z
A77: 26D | B77: Y | C77: K | E77: A,B,C,D,E,F,J,Y,Z
A78: 27M | B78: Y | C78: K | E78: A,B,C,D,E,F,J,Y,Z
A79: 40A | B79: Y | C79: K | E79: A,B,C,D,E,F,J,Y,Z
A80: 40D | B80: Y | C80: K | E80: A,B,C,D,E,F,J,Y,Z
A81: 40F | B81: Y | C81: K | E81: A,B,C,D,E,F,J,Y,Z
A82: 40G | B82: Y | C82: K | E82: A,B,C,D,E,F,J,Y,Z
A83: 41G | B83: Y | C83: K | E83: A,B,C,D,E,F,J,Y,Z
... A102: 63T | B102: Y | C102: K | E102: A,B,C,D,E,F,J,Y,Z
A103: 72M | B103: Y | C103: K | D103: J | E103: A,B,C,D,E,F,Y,Z | F103: J only permitted with procedure code 0017 and when combined with EIDR
A104: 73N | B104: Y | C104: K | D104: J | E104: A,B,C,D,E,F,Y,Z | F104: J only permitted with procedure code 0017 and when combined with EIDR
A105: 90V | B105: Y | C105: J,K | E105: A,B,C,D,E,F,Y,Z
A106: 91U | B106: Y | C106: J,K | E106: A,B,C,D,E,F,Y,Z
A107: 92A | B107: Y | C107: J,K | E107: A,B,C,D,E,F,Y,Z
A108: 93D | B108: Y | C108: J,K | E108: A,B,C,D,E,F,Y,Z
A109: 94R | B109: Y | C109: J,K | E109: A,B,C,D,E,F,Y,Z
A110: 95S | B110: Y | C110: J,K | E110: A,B,C,D,E,F,Y,Z
A111: 96M | B111: Y | C111: J,K | E111: A,B,C,D,E,F,Y,Z

Sheet Export_Add_Proc_(DE1-11) NEW
A1: DE 1/11 | B1: C21e | C1: PERMITTED | D1: RESTRICTED | E1: NOTPERMITTED | F1: Comments
A2: {=IF(ISBLANK(INDIRECT("'Export_Add_Proc_(DE1-11)'!R"&ROW()&"C"&COLUMN(),FALSE)),"",INDIRECT("'Export_Add_Proc_(DE1-11)'!R"&ROW()&"C"&COLUMN(),FALSE))} -> A04 | B2: {=IF(ISBLANK(INDIRECT("'Export_Add_Proc_(DE1-11)'!R"&ROW()&"C"&COLUMN(),FALSE)),"",INDIRECT("'Export_Add_Proc_(DE1-11)'!R"&ROW()&"C"&COLUMN(),FALSE))} -> N | C2: {=IF(ISBLANK(INDIRECT("'Export_Add_Proc_(DE1-11)'!R"&ROW()&"C"&COLUMN(),FALSE)),"",INDIRECT("'Export_Add_Proc_(DE1-11)'!R"&ROW()&"C"&COLUMN(),FALSE))} -> A,C,D,F,J,K | D2: {=IF(ISBLANK(INDIRECT("'Export_Add_Proc_(DE1-11)'!R"&ROW()&"C"&COLUMN(),FALSE)),"",INDIRECT("'Export_Add_Proc_(DE1-11)'!R"&ROW()&"C"&COLUMN(),FALSE))} -> Y,Z | E2: {=IF(ISBLANK(INDIRECT("'Export_Add_Proc_(DE1-11)'!R"&ROW()&"C"&COLUMN(),FALSE)),"",INDIRECT("'Export_Add_Proc_(DE1-11)'!R"&ROW()&"C"&COLUMN(),FALSE))} -> B,E | F2: {=IF(ISBLANK(INDIRECT("'Export_Add_Proc_(DE1-11)'!R"&ROW()&"C"&COLUMN(),FALSE)),"",INDIRECT("'Export_Add_Proc_(DE1-11)'!R"&ROW()&"C"&COLUMN(),FALSE))} -> EIDR can only be used with direct exports and when pre-departure dec is waived.
A3: {=IF(ISBLANK(INDIRECT("'Export_Add_Proc_(DE1-11)'!R"&ROW()&"C"&COLUMN(),FALSE)),"",INDIRECT("'Export_Add_Proc_(DE1-11)'!R"&ROW()&"C"&COLUMN(),FALSE))} -> B51 | B3: {=IF(ISBLANK(INDIRECT("'Export_Add_Proc_(DE1-11)'!R"&ROW()&"C"&COLUMN(),FALSE)),"",INDIRECT("'Export_Add_Proc_(DE1-11)'!R"&ROW()&"C"&COLUMN(),FALSE))} -> N | C3: {=IF(ISBLANK(INDIRECT("'Export_Add_Proc_(DE1-11)'!R"&ROW()&"C"&COLUMN(),FALSE)),"",INDIRECT("'Export_Add_Proc_(DE1-11)'!R"&ROW()&"C"&COLUMN(),FALSE))} -> A,D | D3: {=IF(ISBLANK(INDIRECT("'Export_Add_Proc_(DE1-11)'!R"&ROW()&"C"&COLUMN(),FALSE)),"",INDIRECT("'Export_Add_Proc_(DE1-11)'!R"&ROW()&"C"&COLUMN(),FALSE))} | E3: {=IF(ISBLANK(INDIRECT("'Export_Add_Proc_(DE1-11)'!R"&ROW()&"C"&COLUMN(),FALSE)),"",INDIRECT("'Export_Add_Proc_(DE1-11)'!R"&ROW()&"C"&COLUMN(),FALSE))} -> B,C,E,F,J,K,Y,Z | F3: {=IF(ISBLANK(INDIRECT("'Export_Add_Proc_(DE1-11)'!R"&ROW()&"C"&COLUMN(),FALSE)),"",INDIRECT("'Export_Add_Proc_(DE1-11)'!R"&ROW()&"C"&COLUMN(),FALSE))} -> SDP & EIDR not permitted
A4: {=IF(ISBLANK(INDIRECT("'Export_Add_Proc_(DE1-11)'!R"&ROW()&"C"&COLUMN(),FALSE)),"",INDIRECT("'Export_Add_Proc_(DE1-11)'!R"&ROW()&"C"&COLUMN(),FALSE))} -> B52 | B4: {=IF(ISBLANK(INDIRECT("'Export_Add_Proc_(DE1-11)'!R"&ROW()&"C"&COLUMN(),FALSE)),"",INDIRECT("'Export_Add_Proc_(DE1-11)'!R"&ROW()&"C"&COLUMN(),FALSE))} -> N | C4: {=IF(ISBLANK(INDIRECT("'Export_Add_Proc_(DE1-11)'!R"&ROW()&"C"&COLUMN(),FALSE)),"",INDIRECT("'Export_Add_Proc_(DE1-11)'!R"&ROW()&"C"&COLUMN(),FALSE))} -> A,D | D4: {=IF(ISBLANK(INDIRECT("'Export_Add_Proc_(DE1-11)'!R"&ROW()&"C"&COLUMN(),FALSE)),"",INDIRECT("'Export_Add_Proc_(DE1-11)'!R"&ROW()&"C"&COLUMN(),FALSE))} | E4: {=IF(ISBLANK(INDIRECT("'Export_Add_Proc_(DE1-11)'!R"&ROW()&"C"&COLUMN(),FALSE)),"",INDIRECT("'Export_Add_Proc_(DE1-11)'!R"&ROW()&"C"&COLUMN(),FALSE))} -> B,C,E,F,J,K,Y,Z | F4: {=IF(ISBLANK(INDIRECT("'Export_Add_Proc_(DE1-11)'!R"&ROW()&"C"&COLUMN(),FALSE)),"",INDIRECT("'Export_Add_Proc_(DE1-11)'!R"&ROW()&"C"&COLUMN(),FALSE))} -> SDP & EIDR not permitted
A5: {=IF(ISBLANK(INDIRECT("'Export_Add_Proc_(DE1-11)'!R"&ROW()&"C"&COLUMN(),FALSE)),"",INDIRECT("'Export_Add_Proc_(DE1-11)'!R"&ROW()&"C"&COLUMN(),FALSE))} -> B53 | B5: {=IF(ISBLANK(INDIRECT("'Export_Add_Proc_(DE1-11)'!R"&ROW()&"C"&COLUMN(),FALSE)),"",INDIRECT("'Export_Add_Proc_(DE1-11)'!R"&ROW()&"C"&COLUMN(),FALSE))} -> N | C5: {=IF(ISBLANK(INDIRECT("'Export_Add_Proc_(DE1-11)'!R"&ROW()&"C"&COLUMN(),FALSE)),"",INDIRECT("'Export_Add_Proc_(DE1-11)'!R"&ROW()&"C"&COLUMN(),FALSE))} -> A,D | D5: {=IF(ISBLANK(INDIRECT("'Export_Add_Proc_(DE1-11)'!R"&ROW()&"C"&COLUMN(),FALSE)),"",INDIRECT("'Export_Add_Proc_(DE1-11)'!R"&ROW()&"C"&COLUMN(),FALSE))} | E5: {=IF(ISBLANK(INDIRECT("'Export_Add_Proc_(DE1-11)'!R"&ROW()&"C"&COLUMN(),FALSE)),"",INDIRECT("'Export_Add_Proc_(DE1-11)'!R"&ROW()&"C"&COLUMN(),FALSE))} -> B,C,E,F,J,K,Y,Z | F5: {=IF(ISBLANK(INDIRECT("'Export_Add_Proc_(DE1-11)'!R"&ROW()&"C"&COLUMN(),FALSE)),"",INDIRECT("'Export_Add_Proc_(DE1-11)'!R"&ROW()&"C"&COLUMN(),FALSE))} -> SDP & EIDR not permitted
A6: {=IF(ISBLANK(INDIRECT("'Export_Add_Proc_(DE1-11)'!R"&ROW()&"C"&COLUMN(),FALSE)),"",INDIRECT("'Export_Add_Proc_(DE1-11)'!R"&ROW()&"C"&COLUMN(),FALSE))} -> B54 | B6: {=IF(ISBLANK(INDIRECT("'Export_Add_Proc_(DE1-11)'!R"&ROW()&"C"&COLUMN(),FALSE)),"",INDIRECT("'Export_Add_Proc_(DE1-11)'!R"&ROW()&"C"&COLUMN(),FALSE))} -> N | C6: {=IF(ISBLANK(INDIRECT("'Export_Add_Proc_(DE1-11)'!R"&ROW()&"C"&COLUMN(),FALSE)),"",INDIRECT("'Export_Add_Proc_(DE1-11)'!R"&ROW()&"C"&COLUMN(),FALSE))} -> A,D | D6: {=IF(ISBLANK(INDIRECT("'Export_Add_Proc_(DE1-11)'!R"&ROW()&"C"&COLUMN(),FALSE)),"",INDIRECT("'Export_Add_Proc_(DE1-11)'!R"&ROW()&"C"&COLUMN(),FALSE))} | E6: {=IF(ISBLANK(INDIRECT("'Export_Add_Proc_(DE1-11)'!R"&ROW()&"C"&COLUMN(),FALSE)),"",INDIRECT("'Export_Add_Proc_(DE1-11)'!R"&ROW()&"C"&COLUMN(),FALSE))} -> B,C,E,F,J,K,Y,Z | F6: {=IF(ISBLANK(INDIRECT("'Export_Add_Proc_(DE1-11)'!R"&ROW()&"C"&COLUMN(),FALSE)),"",INDIRECT("'Export_Add_Proc_(DE1-11)'!R"&ROW()&"C"&COLUMN(),FALSE))} -> SDP & EIDR not permitted
A7: {=IF(ISBLANK(INDIRECT("'Export_Add_Proc_(DE1-11)'!R"&ROW()&"C"&COLUMN(),FALSE)),"",INDIRECT("'Export_Add_Proc_(DE1-11)'!R"&ROW()&"C"&COLUMN(),FALSE))} -> C12 | B7: {=IF(ISBLANK(INDIRECT("'Export_Add_Proc_(DE1-11)'!R"&ROW()&"C"&COLUMN(),FALSE)),"",INDIRECT("'Export_Add_Proc_(DE1-11)'!R"&ROW()&"C"&COLUMN(),FALSE))} -> N | C7: {=IF(ISBLANK(INDIRECT("'Export_Add_Proc_(DE1-11)'!R"&ROW()&"C"&COLUMN(),FALSE)),"",INDIRECT("'Export_Add_Proc_(DE1-11)'!R"&ROW()&"C"&COLUMN(),FALSE))} -> A,C,D,F,J,K | D7: {=IF(ISBLANK(INDIRECT("'Export_Add_Proc_(DE1-11)'!R"&ROW()&"C"&COLUMN(),FALSE)),"",INDIRECT("'Export_Add_Proc_(DE1-11)'!R"&ROW()&"C"&COLUMN(),FALSE))} -> Y,Z | E7: {=IF(ISBLANK(INDIRECT("'Export_Add_Proc_(DE1-11)'!R"&ROW()&"C"&COLUMN(),FALSE)),"",INDIRECT("'Export_Add_Proc_(DE1-11)'!R"&ROW()&"C"&COLUMN(),FALSE))} -> B,E | F7: {=IF(ISBLANK(INDIRECT("'Export_Add_Proc_(DE1-11)'!R"&ROW()&"C"&COLUMN(),FALSE)),"",INDIRECT("'Export_Add_Proc_(DE1-11)'!R"&ROW()&"C"&COLUMN(),FALSE))} -> EIDR can only be used with direct exports and when pre-departure dec is waived.
A8: {=IF(ISBLANK(INDIRECT("'Export_Add_Proc_(DE1-11)'!R"&ROW()&"C"&COLUMN(),FALSE)),"",INDIRECT("'Export_Add_Proc_(DE1-11)'!R"&ROW()&"C"&COLUMN(),FALSE))} -> D01 | B8: {=IF(ISBLANK(INDIRECT("'Export_Add_Proc_(DE1-11)'!R"&ROW()&"C"&COLUMN(),FALSE)),"",INDIRECT("'Export_Add_Proc_(DE1-11)'!R"&ROW()&"C"&COLUMN(),FALSE))} -> N | C8: {=IF(ISBLANK(INDIRECT("'Export_Add_Proc_(DE1-11)'!R"&ROW()&"C"&COLUMN(),FALSE)),"",INDIRECT("'Export_Add_Proc_(DE1-11)'!R"&ROW()&"C"&COLUMN(),FALSE))} -> A,C,D,F,J,K | D8: {=IF(ISBLANK(INDIRECT("'Export_Add_Proc_(DE1-11)'!R"&ROW()&"C"&COLUMN(),FALSE)),"",INDIRECT("'Export_Add_Proc_(DE1-11)'!R"&ROW()&"C"&COLUMN(),FALSE))} -> Y,Z | E8: {=IF(ISBLANK(INDIRECT("'Export_Add_Proc_(DE1-11)'!R"&ROW()&"C"&COLUMN(),FALSE)),"",INDIRECT("'Export_Add_Proc_(DE1-11)'!R"&ROW()&"C"&COLUMN(),FALSE))} -> B,E | F8: {=IF(ISBLANK(INDIRECT("'Export_Add_Proc_(DE1-11)'!R"&ROW()&"C"&COLUMN(),FALSE)),"",INDIRECT("'Export_Add_Proc_(DE1-11)'!R"&ROW()&"C"&COLUMN(),FALSE))} -> See introduction to D series DE 1/11 notes for all restrictions on use of SDP & EIDR
A9: {=IF(ISBLANK(INDIRECT("'Export_Add_Proc_(DE1-11)'!R"&ROW()&"C"&COLUMN(),FALSE)),"",INDIRECT("'Export_Add_Proc_(DE1-11)'!R"&ROW()&"C"&COLUMN(),FALSE))} -> D02 | B9: {=IF(ISBLANK(INDIRECT("'Export_Add_Proc_(DE1-11)'!R"&ROW()&"C"&COLUMN(),FALSE)),"",INDIRECT("'Export_Add_Proc_(DE1-11)'!R"&ROW()&"C"&COLUMN(),FALSE))} -> N | C9: {=IF(ISBLANK(INDIRECT("'Export_Add_Proc_(DE1-11)'!R"&ROW()&"C"&COLUMN(),FALSE)),"",INDIRECT("'Export_Add_Proc_(DE1-11)'!R"&ROW()&"C"&COLUMN(),FALSE))} -> A,C,D,F,J,K | D9: {=IF(ISBLANK(INDIRECT("'Export_Add_Proc_(DE1-11)'!R"&ROW()&"C"&COLUMN(),FALSE)),"",INDIRECT("'Export_Add_Proc_(DE1-11)'!R"&ROW()&"C"&COLUMN(),FALSE))} -> Y,Z | E9: {=IF(ISBLANK(INDIRECT("'Export_Add_Proc_(DE1-11)'!R"&ROW()&"C"&COLUMN(),FALSE)),"",INDIRECT("'Export_Add_Proc_(DE1-11)'!R"&ROW()&"C"&COLUMN(),FALSE))} -> B,E | F9: {=IF(ISBLANK(INDIRECT("'Export_Add_Proc_(DE1-11)'!R"&ROW()&"C"&COLUMN(),FALSE)),"",INDIRECT("'Export_Add_Proc_(DE1-11)'!R"&ROW()&"C"&COLUMN(),FALSE))} -> See introduction to D series DE 1/11 notes for all restrictions on use of SDP & EIDR
A10: {=IF(ISBLANK(INDIRECT("'Export_Add_Proc_(DE1-11)'!R"&ROW()&"C"&COLUMN(),FALSE)),"",INDIRECT("'Export_Add_Proc_(DE1-11)'!R"&ROW()&"C"&COLUMN(),FALSE))} -> D03 | B10: {=IF(ISBLANK(INDIRECT("'Export_Add_Proc_(DE1-11)'!R"&ROW()&"C"&COLUMN(),FALSE)),"",INDIRECT("'Export_Add_Proc_(DE1-11)'!R"&ROW()&"C"&COLUMN(),FALSE))} -> N | C10: {=IF(ISBLANK(INDIRECT("'Export_Add_Proc_(DE1-11)'!R"&ROW()&"C"&COLUMN(),FALSE)),"",INDIRECT("'Export_Add_Proc_(DE1-11)'!R"&ROW()&"C"&COLUMN(),FALSE))} -> A,C,D,F,J,K | D10: {=IF(ISBLANK(INDIRECT("'Export_Add_Proc_(DE1-11)'!R"&ROW()&"C"&COLUMN(),FALSE)),"",INDIRECT("'Export_Add_Proc_(DE1-11)'!R"&ROW()&"C"&COLUMN(),FALSE))} -> Y,Z | E10: {=IF(ISBLANK(INDIRECT("'Export_Add_Proc_(DE1-11)'!R"&ROW()&"C"&COLUMN(),FALSE)),"",INDIRECT("'Export_Add_Proc_(DE1-11)'!R"&ROW()&"C"&COLUMN(),FALSE))} -> B,E | F10: {=IF(ISBLANK(INDIRECT("'Export_Add_Proc_(DE1-11)'!R"&ROW()&"C"&COLUMN(),FALSE)),"",INDIRECT("'Export_Add_Proc_(DE1-11)'!R"&ROW()&"C"&COLUMN(),FALSE))} -> See introduction to D series DE 1/11 notes for all restrictions on use of SDP & EIDR
A11: {=IF(ISBLANK(INDIRECT("'Export_Add_Proc_(DE1-11)'!R"&ROW()&"C"&COLUMN(),FALSE)),"",INDIRECT("'Export_Add_Proc_(DE1-11)'!R"&ROW()&"C"&COLUMN(),FALSE))} -> D04 | B11: {=IF(ISBLANK(INDIRECT("'Export_Add_Proc_(DE1-11)'!R"&ROW()&"C"&COLUMN(),FALSE)),"",INDIRECT("'Export_Add_Proc_(DE1-11)'!R"&ROW()&"C"&COLUMN(),FALSE))} -> N | C11: {=IF(ISBLANK(INDIRECT("'Export_Add_Proc_(DE1-11)'!R"&ROW()&"C"&COLUMN(),FALSE)),"",INDIRECT("'Export_Add_Proc_(DE1-11)'!R"&ROW()&"C"&COLUMN(),FALSE))} -> A,C,D,F,J,K | D11: {=IF(ISBLANK(INDIRECT("'Export_Add_Proc_(DE1-11)'!R"&ROW()&"C"&COLUMN(),FALSE)),"",INDIRECT("'Export_Add_Proc_(DE1-11)'!R"&ROW()&"C"&COLUMN(),FALSE))} -> Y,Z | E11: {=IF(ISBLANK(INDIRECT("'Export_Add_Proc_(DE1-11)'!R"&ROW()&"C"&COLUMN(),FALSE)),"",INDIRECT("'Export_Add_Proc_(DE1-11)'!R"&ROW()&"C"&COLUMN(),FALSE))} -> B,E | F11: {=IF(ISBLANK(INDIRECT("'Export_Add_Proc_(DE1-11)'!R"&ROW()&"C"&COLUMN(),FALSE)),"",INDIRECT("'Export_Add_Proc_(DE1-11)'!R"&ROW()&"C"&COLUMN(),FALSE))} -> See introduction to D series DE 1/11 notes for all restrictions on use of SDP & EIDR
A12: {=IF(ISBLANK(INDIRECT("'Export_Add_Proc_(DE1-11)'!R"&ROW()&"C"&COLUMN(),FALSE)),"",INDIRECT("'Export_Add_Proc_(DE1-11)'!R"&ROW()&"C"&COLUMN(),FALSE))} -> D05 | B12: {=IF(ISBLANK(INDIRECT("'Export_Add_Proc_(DE1-11)'!R"&ROW()&"C"&COLUMN(),FALSE)),"",INDIRECT("'Export_Add_Proc_(DE1-11)'!R"&ROW()&"C"&COLUMN(),FALSE))} -> N | C12: {=IF(ISBLANK(INDIRECT("'Export_Add_Proc_(DE1-11)'!R"&ROW()&"C"&COLUMN(),FALSE)),"",INDIRECT("'Export_Add_Proc_(DE1-11)'!R"&ROW()&"C"&COLUMN(),FALSE))} -> A,C,D,F,J,K | D12: {=IF(ISBLANK(INDIRECT("'Export_Add_Proc_(DE1-11)'!R"&ROW()&"C"&COLUMN(),FALSE)),"",INDIRECT("'Export_Add_Proc_(DE1-11)'!R"&ROW()&"C"&COLUMN(),FALSE))} -> Y,Z | E12: {=IF(ISBLANK(INDIRECT("'Export_Add_Proc_(DE1-11)'!R"&ROW()&"C"&COLUMN(),FALSE)),"",INDIRECT("'Export_Add_Proc_(DE1-11)'!R"&ROW()&"C"&COLUMN(),FALSE))} -> B,E | F12: {=IF(ISBLANK(INDIRECT("'Export_Add_Proc_(DE1-11)'!R"&ROW()&"C"&COLUMN(),FALSE)),"",INDIRECT("'Export_Add_Proc_(DE1-11)'!R"&ROW()&"C"&COLUMN(),FALSE))} -> See introduction to D series DE 1/11 notes for all restrictions on use of SDP & EIDR
A13: {=IF(ISBLANK(INDIRECT("'Export_Add_Proc_(DE1-11)'!R"&ROW()&"C"&COLUMN(),FALSE)),"",INDIRECT("'Export_Add_Proc_(DE1-11)'!R"&ROW()&"C"&COLUMN(),FALSE))} -> D06 | B13: {=IF(ISBLANK(INDIRECT("'Export_Add_Proc_(DE1-11)'!R"&ROW()&"C"&COLUMN(),FALSE)),"",INDIRECT("'Export_Add_Proc_(DE1-11)'!R"&ROW()&"C"&COLUMN(),FALSE))} -> N | C13: {=IF(ISBLANK(INDIRECT("'Export_Add_Proc_(DE1-11)'!R"&ROW()&"C"&COLUMN(),FALSE)),"",INDIRECT("'Export_Add_Proc_(DE1-11)'!R"&ROW()&"C"&COLUMN(),FALSE))} -> A,C,D,F,J,K | D13: {=IF(ISBLANK(INDIRECT("'Export_Add_Proc_(DE1-11)'!R"&ROW()&"C"&COLUMN(),FALSE)),"",INDIRECT("'Export_Add_Proc_(DE1-11)'!R"&ROW()&"C"&COLUMN(),FALSE))} -> Y,Z | E13: {=IF(ISBLANK(INDIRECT("'Export_Add_Proc_(DE1-11)'!R"&ROW()&"C"&COLUMN(),FALSE)),"",INDIRECT("'Export_Add_Proc_(DE1-11)'!R"&ROW()&"C"&COLUMN(),FALSE))} -> B,E | F13: {=IF(ISBLANK(INDIRECT("'Export_Add_Proc_(DE1-11)'!R"&ROW()&"C"&COLUMN(),FALSE)),"",INDIRECT("'Export_Add_Proc_(DE1-11)'!R"&ROW()&"C"&COLUMN(),FALSE))} -> See introduction to D series DE 1/11 notes for all restrictions on use of SDP & EIDR
... A300: {=IF(ISBLANK(INDIRECT("'Export_Add_Proc_(DE1-11)'!R"&ROW()&"C"&COLUMN(),FALSE)),"",INDIRECT("'Export_Add_Proc_(DE1-11)'!R"&ROW()&"C"&COLUMN(),FALSE))} | B300: {=IF(ISBLANK(INDIRECT("'Export_Add_Proc_(DE1-11)'!R"&ROW()&"C"&COLUMN(),FALSE)),"",INDIRECT("'Export_Add_Proc_(DE1-11)'!R"&ROW()&"C"&COLUMN(),FALSE))} | C300: {=IF(ISBLANK(INDIRECT("'Export_Add_Proc_(DE1-11)'!R"&ROW()&"C"&COLUMN(),FALSE)),"",INDIRECT("'Export_Add_Proc_(DE1-11)'!R"&ROW()&"C"&COLUMN(),FALSE))} | D300: {=IF(ISBLANK(INDIRECT("'Export_Add_Proc_(DE1-11)'!R"&ROW()&"C"&COLUMN(),FALSE)),"",INDIRECT("'Export_Add_Proc_(DE1-11)'!R"&ROW()&"C"&COLUMN(),FALSE))} | E300: {=IF(ISBLANK(INDIRECT("'Export_Add_Proc_(DE1-11)'!R"&ROW()&"C"&COLUMN(),FALSE)),"",INDIRECT("'Export_Add_Proc_(DE1-11)'!R"&ROW()&"C"&COLUMN(),FALSE))} | F300: {=IF(ISBLANK(INDIRECT("'Export_Add_Proc_(DE1-11)'!R"&ROW()&"C"&COLUMN(),FALSE)),"",INDIRECT("'Export_Add_Proc_(DE1-11)'!R"&ROW()&"C"&COLUMN(),FALSE))}

Sheet Export_DE1-11_ReadOnly
A1: DE 1/11 | B1: C21e | C1: A | D1: B | E1: C | F1: D | G1: E | H1: F | I1: J | J1: K | K1: Y | L1: Z | M1: Comments | N1: A | O1: B | P1: C | Q1: D | R1: E | S1: F | T1: J | U1: K | V1: Y | W1: Z | X1: =N1 -> A | Y1: =O1 -> B | Z1: =P1 -> C | AA1: =Q1 -> D | AB1: =R1 -> E | AC1: =S1 -> F | AD1: =T1 -> J | AE1: =U1 -> K | ... BA1: =AQ1 -> Z
A2: ='Export_Add_Proc_(DE1-11) NEW'!A2 -> A04 | B2: ='Export_Add_Proc_(DE1-11) NEW'!B2 -> N | C2: =IF(AR2<>1,"*",IF(N2,"P",IF(X2,"R","N"))) -> P | D2: =IF(AS2<>1,"*",IF(O2,"P",IF(Y2,"R","N"))) -> N | E2: =IF(AT2<>1,"*",IF(P2,"P",IF(Z2,"R","N"))) -> P | F2: =IF(AU2<>1,"*",IF(Q2,"P",IF(AA2,"R","N"))) -> P | G2: =IF(AV2<>1,"*",IF(R2,"P",IF(AB2,"R","N"))) -> N | H2: =IF(AW2<>1,"*",IF(S2,"P",IF(AC2,"R","N"))) -> P | I2: =IF(AX2<>1,"*",IF(T2,"P",IF(AD2,"R","N"))) -> P | J2: =IF(AY2<>1,"*",IF(U2,"P",IF(AE2,"R","N"))) -> P | ... L2: =IF(BA2<>1,"*",IF(W2,"P",IF(AG2,"R","N"))) -> R | M2: =IF(ISBLANK('Export_Add_Proc_(DE1-11) NEW'!F2),"",'Export_Add_Proc_(DE1-11) NEW'!F2) -> EIDR can only be used with direct exports and when pre-departure dec is waived. | N2: =IF(ISERROR(FIND(N$1,'Export_Add_Proc_(DE1-11) NEW'!$C2)),0,1) -> 1 | O2: =IF(ISERROR(FIND(O$1,'Export_Add_Proc_(DE1-11) NEW'!$C2)),0,1) -> 0 | P2: =IF(ISERROR(FIND(P$1,'Export_Add_Proc_(DE1-11) NEW'!$C2)),0,1) -> 1 | Q2: =IF(ISERROR(FIND(Q$1,'Export_Add_Proc_(DE1-11) NEW'!$C2)),0,1) -> 1 | R2: =IF(ISERROR(FIND(R$1,'Export_Add_Proc_(DE1-11) NEW'!$C2)),0,1) -> 0 | S2: =IF(ISERROR(FIND(S$1,'Export_Add_Proc_(DE1-11) NEW'!$C2)),0,1) -> 1 | T2: =IF(ISERROR(FIND(T$1,'Export_Add_Proc_(DE1-11) NEW'!$C2)),0,1) -> 1 | U2: =IF(ISERROR(FIND(U$1,'Export_Add_Proc_(DE1-11) NEW'!$C2)),0,1) -> 1 | ... W2: =IF(ISERROR(FIND(W$1,'Export_Add_Proc_(DE1-11) NEW'!$C2)),0,1) -> 0 | X2: =IF(ISERROR(FIND(X$1,'Export_Add_Proc_(DE1-11) NEW'!$D2)),0,1) -> 0 | Y2: =IF(ISERROR(FIND(Y$1,'Export_Add_Proc_(DE1-11) NEW'!$D2)),0,1) -> 0 | Z2: =IF(ISERROR(FIND(Z$1,'Export_Add_Proc_(DE1-11) NEW'!$D2)),0,1) -> 0 | AA2: =IF(ISERROR(FIND(AA$1,'Export_Add_Proc_(DE1-11) NEW'!$D2)),0,1) -> 0 | AB2: =IF(ISERROR(FIND(AB$1,'Export_Add_Proc_(DE1-11) NEW'!$D2)),0,1) -> 0 | AC2: =IF(ISERROR(FIND(AC$1,'Export_Add_Proc_(DE1-11) NEW'!$D2)),0,1) -> 0 | AD2: =IF(ISERROR(FIND(AD$1,'Export_Add_Proc_(DE1-11) NEW'!$D2)),0,1) -> 0 | AE2: =IF(ISERROR(FIND(AE$1,'Export_Add_Proc_(DE1-11) NEW'!$D2)),0,1) -> 0 | ... AG2: =IF(ISERROR(FIND(AG$1,'Export_Add_Proc_(DE1-11) NEW'!$D2)),0,1) -> 1 | AH2: =IF(ISERROR(FIND(AH$1,'Export_Add_Proc_(DE1-11) NEW'!$E2)),0,1) -> 0 | AI2: =IF(ISERROR(FIND(AI$1,'Export_Add_Proc_(DE1-11) NEW'!$E2)),0,1) -> 1 | AJ2: =IF(ISERROR(FIND(AJ$1,'Export_Add_Proc_(DE1-11) NEW'!$E2)),0,1) -> 0 | AK2: =IF(ISERROR(FIND(AK$1,'Export_Add_Proc_(DE1-11) NEW'!$E2)),0,1) -> 0 | AL2: =IF(ISERROR(FIND(AL$1,'Export_Add_Proc_(DE1-11) NEW'!$E2)),0,1) -> 1 | AM2: =IF(ISERROR(FIND(AM$1,'Export_Add_Proc_(DE1-11) NEW'!$E2)),0,1) -> 0 | AN2: =IF(ISERROR(FIND(AN$1,'Export_Add_Proc_(DE1-11) NEW'!$E2)),0,1) -> 0 | AO2: =IF(ISERROR(FIND(AO$1,'Export_Add_Proc_(DE1-11) NEW'!$E2)),0,1) -> 0 | ... AQ2: =IF(ISERROR(FIND(AQ$1,'Export_Add_Proc_(DE1-11) NEW'!$E2)),0,1) -> 0 | AR2: =N2+X2+AH2 -> 1 | AS2: =O2+Y2+AI2 -> 1 | AT2: =P2+Z2+AJ2 -> 1 | AU2: =Q2+AA2+AK2 -> 1 | AV2: =R2+AB2+AL2 -> 1 | AW2: =S2+AC2+AM2 -> 1 | AX2: =T2+AD2+AN2 -> 1 | AY2: =U2+AE2+AO2 -> 1 | ... BA2: =W2+AG2+AQ2 -> 1
A3: ='Export_Add_Proc_(DE1-11) NEW'!A3 -> B51 | B3: ='Export_Add_Proc_(DE1-11) NEW'!B3 -> N | C3: =IF(AR3<>1,"*",IF(N3,"P",IF(X3,"R","N"))) -> P | D3: =IF(AS3<>1,"*",IF(O3,"P",IF(Y3,"R","N"))) -> N | E3: =IF(AT3<>1,"*",IF(P3,"P",IF(Z3,"R","N"))) -> N | F3: =IF(AU3<>1,"*",IF(Q3,"P",IF(AA3,"R","N"))) -> P | G3: =IF(AV3<>1,"*",IF(R3,"P",IF(AB3,"R","N"))) -> N | H3: =IF(AW3<>1,"*",IF(S3,"P",IF(AC3,"R","N"))) -> N | I3: =IF(AX3<>1,"*",IF(T3,"P",IF(AD3,"R","N"))) -> N | J3: =IF(AY3<>1,"*",IF(U3,"P",IF(AE3,"R","N"))) -> N | ... L3: =IF(BA3<>1,"*",IF(W3,"P",IF(AG3,"R","N"))) -> N | M3: =IF(ISBLANK('Export_Add_Proc_(DE1-11) NEW'!F3),"",'Export_Add_Proc_(DE1-11) NEW'!F3) -> SDP & EIDR not permitted | N3: =IF(ISERROR(FIND(N$1,'Export_Add_Proc_(DE1-11) NEW'!$C3)),0,1) -> 1 | O3: =IF(ISERROR(FIND(O$1,'Export_Add_Proc_(DE1-11) NEW'!$C3)),0,1) -> 0 | P3: =IF(ISERROR(FIND(P$1,'Export_Add_Proc_(DE1-11) NEW'!$C3)),0,1) -> 0 | Q3: =IF(ISERROR(FIND(Q$1,'Export_Add_Proc_(DE1-11) NEW'!$C3)),0,1) -> 1 | R3: =IF(ISERROR(FIND(R$1,'Export_Add_Proc_(DE1-11) NEW'!$C3)),0,1) -> 0 | S3: =IF(ISERROR(FIND(S$1,'Export_Add_Proc_(DE1-11) NEW'!$C3)),0,1) -> 0 | T3: =IF(ISERROR(FIND(T$1,'Export_Add_Proc_(DE1-11) NEW'!$C3)),0,1) -> 0 | U3: =IF(ISERROR(FIND(U$1,'Export_Add_Proc_(DE1-11) NEW'!$C3)),0,1) -> 0 | ... W3: =IF(ISERROR(FIND(W$1,'Export_Add_Proc_(DE1-11) NEW'!$C3)),0,1) -> 0 | X3: =IF(ISERROR(FIND(X$1,'Export_Add_Proc_(DE1-11) NEW'!$D3)),0,1) -> 0 | Y3: =IF(ISERROR(FIND(Y$1,'Export_Add_Proc_(DE1-11) NEW'!$D3)),0,1) -> 0 | Z3: =IF(ISERROR(FIND(Z$1,'Export_Add_Proc_(DE1-11) NEW'!$D3)),0,1) -> 0 | AA3: =IF(ISERROR(FIND(AA$1,'Export_Add_Proc_(DE1-11) NEW'!$D3)),0,1) -> 0 | AB3: =IF(ISERROR(FIND(AB$1,'Export_Add_Proc_(DE1-11) NEW'!$D3)),0,1) -> 0 | AC3: =IF(ISERROR(FIND(AC$1,'Export_Add_Proc_(DE1-11) NEW'!$D3)),0,1) -> 0 | AD3: =IF(ISERROR(FIND(AD$1,'Export_Add_Proc_(DE1-11) NEW'!$D3)),0,1) -> 0 | AE3: =IF(ISERROR(FIND(AE$1,'Export_Add_Proc_(DE1-11) NEW'!$D3)),0,1) -> 0 | ... AG3: =IF(ISERROR(FIND(AG$1,'Export_Add_Proc_(DE1-11) NEW'!$D3)),0,1) -> 0 | AH3: =IF(ISERROR(FIND(AH$1,'Export_Add_Proc_(DE1-11) NEW'!$E3)),0,1) -> 0 | AI3: =IF(ISERROR(FIND(AI$1,'Export_Add_Proc_(DE1-11) NEW'!$E3)),0,1) -> 1 | AJ3: =IF(ISERROR(FIND(AJ$1,'Export_Add_Proc_(DE1-11) NEW'!$E3)),0,1) -> 1 | AK3: =IF(ISERROR(FIND(AK$1,'Export_Add_Proc_(DE1-11) NEW'!$E3)),0,1) -> 0 | AL3: =IF(ISERROR(FIND(AL$1,'Export_Add_Proc_(DE1-11) NEW'!$E3)),0,1) -> 1 | AM3: =IF(ISERROR(FIND(AM$1,'Export_Add_Proc_(DE1-11) NEW'!$E3)),0,1) -> 1 | AN3: =IF(ISERROR(FIND(AN$1,'Export_Add_Proc_(DE1-11) NEW'!$E3)),0,1) -> 1 | AO3: =IF(ISERROR(FIND(AO$1,'Export_Add_Proc_(DE1-11) NEW'!$E3)),0,1) -> 1 | ... AQ3: =IF(ISERROR(FIND(AQ$1,'Export_Add_Proc_(DE1-11) NEW'!$E3)),0,1) -> 1 | AR3: =N3+X3+AH3 -> 1 | AS3: =O3+Y3+AI3 -> 1 | AT3: =P3+Z3+AJ3 -> 1 | AU3: =Q3+AA3+AK3 -> 1 | AV3: =R3+AB3+AL3 -> 1 | AW3: =S3+AC3+AM3 -> 1 | AX3: =T3+AD3+AN3 -> 1 | AY3: =U3+AE3+AO3 -> 1 | ... BA3: =W3+AG3+AQ3 -> 1
A4: ='Export_Add_Proc_(DE1-11) NEW'!A4 -> B52 | B4: ='Export_Add_Proc_(DE1-11) NEW'!B4 -> N | C4: =IF(AR4<>1,"*",IF(N4,"P",IF(X4,"R","N"))) -> P | D4: =IF(AS4<>1,"*",IF(O4,"P",IF(Y4,"R","N"))) -> N | E4: =IF(AT4<>1,"*",IF(P4,"P",IF(Z4,"R","N"))) -> N | F4: =IF(AU4<>1,"*",IF(Q4,"P",IF(AA4,"R","N"))) -> P | G4: =IF(AV4<>1,"*",IF(R4,"P",IF(AB4,"R","N"))) -> N | H4: =IF(AW4<>1,"*",IF(S4,"P",IF(AC4,"R","N"))) -> N | I4: =IF(AX4<>1,"*",IF(T4,"P",IF(AD4,"R","N"))) -> N | J4: =IF(AY4<>1,"*",IF(U4,"P",IF(AE4,"R","N"))) -> N | ... L4: =IF(BA4<>1,"*",IF(W4,"P",IF(AG4,"R","N"))) -> N | M4: =IF(ISBLANK('Export_Add_Proc_(DE1-11) NEW'!F4),"",'Export_Add_Proc_(DE1-11) NEW'!F4) -> SDP & EIDR not permitted | N4: =IF(ISERROR(FIND(N$1,'Export_Add_Proc_(DE1-11) NEW'!$C4)),0,1) -> 1 | O4: =IF(ISERROR(FIND(O$1,'Export_Add_Proc_(DE1-11) NEW'!$C4)),0,1) -> 0 | P4: =IF(ISERROR(FIND(P$1,'Export_Add_Proc_(DE1-11) NEW'!$C4)),0,1) -> 0 | Q4: =IF(ISERROR(FIND(Q$1,'Export_Add_Proc_(DE1-11) NEW'!$C4)),0,1) -> 1 | R4: =IF(ISERROR(FIND(R$1,'Export_Add_Proc_(DE1-11) NEW'!$C4)),0,1) -> 0 | S4: =IF(ISERROR(FIND(S$1,'Export_Add_Proc_(DE1-11) NEW'!$C4)),0,1) -> 0 | T4: =IF(ISERROR(FIND(T$1,'Export_Add_Proc_(DE1-11) NEW'!$C4)),0,1) -> 0 | U4: =IF(ISERROR(FIND(U$1,'Export_Add_Proc_(DE1-11) NEW'!$C4)),0,1) -> 0 | ... W4: =IF(ISERROR(FIND(W$1,'Export_Add_Proc_(DE1-11) NEW'!$C4)),0,1) -> 0 | X4: =IF(ISERROR(FIND(X$1,'Export_Add_Proc_(DE1-11) NEW'!$D4)),0,1) -> 0 | Y4: =IF(ISERROR(FIND(Y$1,'Export_Add_Proc_(DE1-11) NEW'!$D4)),0,1) -> 0 | Z4: =IF(ISERROR(FIND(Z$1,'Export_Add_Proc_(DE1-11) NEW'!$D4)),0,1) -> 0 | AA4: =IF(ISERROR(FIND(AA$1,'Export_Add_Proc_(DE1-11) NEW'!$D4)),0,1) -> 0 | AB4: =IF(ISERROR(FIND(AB$1,'Export_Add_Proc_(DE1-11) NEW'!$D4)),0,1) -> 0 | AC4: =IF(ISERROR(FIND(AC$1,'Export_Add_Proc_(DE1-11) NEW'!$D4)),0,1) -> 0 | AD4: =IF(ISERROR(FIND(AD$1,'Export_Add_Proc_(DE1-11) NEW'!$D4)),0,1) -> 0 | AE4: =IF(ISERROR(FIND(AE$1,'Export_Add_Proc_(DE1-11) NEW'!$D4)),0,1) -> 0 | ... AG4: =IF(ISERROR(FIND(AG$1,'Export_Add_Proc_(DE1-11) NEW'!$D4)),0,1) -> 0 | AH4: =IF(ISERROR(FIND(AH$1,'Export_Add_Proc_(DE1-11) NEW'!$E4)),0,1) -> 0 | AI4: =IF(ISERROR(FIND(AI$1,'Export_Add_Proc_(DE1-11) NEW'!$E4)),0,1) -> 1 | AJ4: =IF(ISERROR(FIND(AJ$1,'Export_Add_Proc_(DE1-11) NEW'!$E4)),0,1) -> 1 | AK4: =IF(ISERROR(FIND(AK$1,'Export_Add_Proc_(DE1-11) NEW'!$E4)),0,1) -> 0 | AL4: =IF(ISERROR(FIND(AL$1,'Export_Add_Proc_(DE1-11) NEW'!$E4)),0,1) -> 1 | AM4: =IF(ISERROR(FIND(AM$1,'Export_Add_Proc_(DE1-11) NEW'!$E4)),0,1) -> 1 | AN4: =IF(ISERROR(FIND(AN$1,'Export_Add_Proc_(DE1-11) NEW'!$E4)),0,1) -> 1 | AO4: =IF(ISERROR(FIND(AO$1,'Export_Add_Proc_(DE1-11) NEW'!$E4)),0,1) -> 1 | ... AQ4: =IF(ISERROR(FIND(AQ$1,'Export_Add_Proc_(DE1-11) NEW'!$E4)),0,1) -> 1 | AR4: =N4+X4+AH4 -> 1 | AS4: =O4+Y4+AI4 -> 1 | AT4: =P4+Z4+AJ4 -> 1 | AU4: =Q4+AA4+AK4 -> 1 | AV4: =R4+AB4+AL4 -> 1 | AW4: =S4+AC4+AM4 -> 1 | AX4: =T4+AD4+AN4 -> 1 | AY4: =U4+AE4+AO4 -> 1 | ... BA4: =W4+AG4+AQ4 -> 1
A5: ='Export_Add_Proc_(DE1-11) NEW'!A5 -> B53 | B5: ='Export_Add_Proc_(DE1-11) NEW'!B5 -> N | C5: =IF(AR5<>1,"*",IF(N5,"P",IF(X5,"R","N"))) -> P | D5: =IF(AS5<>1,"*",IF(O5,"P",IF(Y5,"R","N"))) -> N | E5: =IF(AT5<>1,"*",IF(P5,"P",IF(Z5,"R","N"))) -> N | F5: =IF(AU5<>1,"*",IF(Q5,"P",IF(AA5,"R","N"))) -> P | G5: =IF(AV5<>1,"*",IF(R5,"P",IF(AB5,"R","N"))) -> N | H5: =IF(AW5<>1,"*",IF(S5,"P",IF(AC5,"R","N"))) -> N | I5: =IF(AX5<>1,"*",IF(T5,"P",IF(AD5,"R","N"))) -> N | J5: =IF(AY5<>1,"*",IF(U5,"P",IF(AE5,"R","N"))) -> N | ... L5: =IF(BA5<>1,"*",IF(W5,"P",IF(AG5,"R","N"))) -> N | M5: =IF(ISBLANK('Export_Add_Proc_(DE1-11) NEW'!F5),"",'Export_Add_Proc_(DE1-11) NEW'!F5) -> SDP & EIDR not permitted | N5: =IF(ISERROR(FIND(N$1,'Export_Add_Proc_(DE1-11) NEW'!$C5)),0,1) -> 1 | O5: =IF(ISERROR(FIND(O$1,'Export_Add_Proc_(DE1-11) NEW'!$C5)),0,1) -> 0 | P5: =IF(ISERROR(FIND(P$1,'Export_Add_Proc_(DE1-11) NEW'!$C5)),0,1) -> 0 | Q5: =IF(ISERROR(FIND(Q$1,'Export_Add_Proc_(DE1-11) NEW'!$C5)),0,1) -> 1 | R5: =IF(ISERROR(FIND(R$1,'Export_Add_Proc_(DE1-11) NEW'!$C5)),0,1) -> 0 | S5: =IF(ISERROR(FIND(S$1,'Export_Add_Proc_(DE1-11) NEW'!$C5)),0,1) -> 0 | T5: =IF(ISERROR(FIND(T$1,'Export_Add_Proc_(DE1-11) NEW'!$C5)),0,1) -> 0 | U5: =IF(ISERROR(FIND(U$1,'Export_Add_Proc_(DE1-11) NEW'!$C5)),0,1) -> 0 | ... W5: =IF(ISERROR(FIND(W$1,'Export_Add_Proc_(DE1-11) NEW'!$C5)),0,1) -> 0 | X5: =IF(ISERROR(FIND(X$1,'Export_Add_Proc_(DE1-11) NEW'!$D5)),0,1) -> 0 | Y5: =IF(ISERROR(FIND(Y$1,'Export_Add_Proc_(DE1-11) NEW'!$D5)),0,1) -> 0 | Z5: =IF(ISERROR(FIND(Z$1,'Export_Add_Proc_(DE1-11) NEW'!$D5)),0,1) -> 0 | AA5: =IF(ISERROR(FIND(AA$1,'Export_Add_Proc_(DE1-11) NEW'!$D5)),0,1) -> 0 | AB5: =IF(ISERROR(FIND(AB$1,'Export_Add_Proc_(DE1-11) NEW'!$D5)),0,1) -> 0 | AC5: =IF(ISERROR(FIND(AC$1,'Export_Add_Proc_(DE1-11) NEW'!$D5)),0,1) -> 0 | AD5: =IF(ISERROR(FIND(AD$1,'Export_Add_Proc_(DE1-11) NEW'!$D5)),0,1) -> 0 | AE5: =IF(ISERROR(FIND(AE$1,'Export_Add_Proc_(DE1-11) NEW'!$D5)),0,1) -> 0 | ... AG5: =IF(ISERROR(FIND(AG$1,'Export_Add_Proc_(DE1-11) NEW'!$D5)),0,1) -> 0 | AH5: =IF(ISERROR(FIND(AH$1,'Export_Add_Proc_(DE1-11) NEW'!$E5)),0,1) -> 0 | AI5: =IF(ISERROR(FIND(AI$1,'Export_Add_Proc_(DE1-11) NEW'!$E5)),0,1) -> 1 | AJ5: =IF(ISERROR(FIND(AJ$1,'Export_Add_Proc_(DE1-11) NEW'!$E5)),0,1) -> 1 | AK5: =IF(ISERROR(FIND(AK$1,'Export_Add_Proc_(DE1-11) NEW'!$E5)),0,1) -> 0 | AL5: =IF(ISERROR(FIND(AL$1,'Export_Add_Proc_(DE1-11) NEW'!$E5)),0,1) -> 1 | AM5: =IF(ISERROR(FIND(AM$1,'Export_Add_Proc_(DE1-11) NEW'!$E5)),0,1) -> 1 | AN5: =IF(ISERROR(FIND(AN$1,'Export_Add_Proc_(DE1-11) NEW'!$E5)),0,1) -> 1 | AO5: =IF(ISERROR(FIND(AO$1,'Export_Add_Proc_(DE1-11) NEW'!$E5)),0,1) -> 1 | ... AQ5: =IF(ISERROR(FIND(AQ$1,'Export_Add_Proc_(DE1-11) NEW'!$E5)),0,1) -> 1 | AR5: =N5+X5+AH5 -> 1 | AS5: =O5+Y5+AI5 -> 1 | AT5: =P5+Z5+AJ5 -> 1 | AU5: =Q5+AA5+AK5 -> 1 | AV5: =R5+AB5+AL5 -> 1 | AW5: =S5+AC5+AM5 -> 1 | AX5: =T5+AD5+AN5 -> 1 | AY5: =U5+AE5+AO5 -> 1 | ... BA5: =W5+AG5+AQ5 -> 1
A6: ='Export_Add_Proc_(DE1-11) NEW'!A6 -> B54 | B6: ='Export_Add_Proc_(DE1-11) NEW'!B6 -> N | C6: =IF(AR6<>1,"*",IF(N6,"P",IF(X6,"R","N"))) -> P | D6: =IF(AS6<>1,"*",IF(O6,"P",IF(Y6,"R","N"))) -> N | E6: =IF(AT6<>1,"*",IF(P6,"P",IF(Z6,"R","N"))) -> N | F6: =IF(AU6<>1,"*",IF(Q6,"P",IF(AA6,"R","N"))) -> P | G6: =IF(AV6<>1,"*",IF(R6,"P",IF(AB6,"R","N"))) -> N | H6: =IF(AW6<>1,"*",IF(S6,"P",IF(AC6,"R","N"))) -> N | I6: =IF(AX6<>1,"*",IF(T6,"P",IF(AD6,"R","N"))) -> N | J6: =IF(AY6<>1,"*",IF(U6,"P",IF(AE6,"R","N"))) -> N | ... L6: =IF(BA6<>1,"*",IF(W6,"P",IF(AG6,"R","N"))) -> N | M6: =IF(ISBLANK('Export_Add_Proc_(DE1-11) NEW'!F6),"",'Export_Add_Proc_(DE1-11) NEW'!F6) -> SDP & EIDR not permitted | N6: =IF(ISERROR(FIND(N$1,'Export_Add_Proc_(DE1-11) NEW'!$C6)),0,1) -> 1 | O6: =IF(ISERROR(FIND(O$1,'Export_Add_Proc_(DE1-11) NEW'!$C6)),0,1) -> 0 | P6: =IF(ISERROR(FIND(P$1,'Export_Add_Proc_(DE1-11) NEW'!$C6)),0,1) -> 0 | Q6: =IF(ISERROR(FIND(Q$1,'Export_Add_Proc_(DE1-11) NEW'!$C6)),0,1) -> 1 | R6: =IF(ISERROR(FIND(R$1,'Export_Add_Proc_(DE1-11) NEW'!$C6)),0,1) -> 0 | S6: =IF(ISERROR(FIND(S$1,'Export_Add_Proc_(DE1-11) NEW'!$C6)),0,1) -> 0 | T6: =IF(ISERROR(FIND(T$1,'Export_Add_Proc_(DE1-11) NEW'!$C6)),0,1) -> 0 | U6: =IF(ISERROR(FIND(U$1,'Export_Add_Proc_(DE1-11) NEW'!$C6)),0,1) -> 0 | ... W6: =IF(ISERROR(FIND(W$1,'Export_Add_Proc_(DE1-11) NEW'!$C6)),0,1) -> 0 | X6: =IF(ISERROR(FIND(X$1,'Export_Add_Proc_(DE1-11) NEW'!$D6)),0,1) -> 0 | Y6: =IF(ISERROR(FIND(Y$1,'Export_Add_Proc_(DE1-11) NEW'!$D6)),0,1) -> 0 | Z6: =IF(ISERROR(FIND(Z$1,'Export_Add_Proc_(DE1-11) NEW'!$D6)),0,1) -> 0 | AA6: =IF(ISERROR(FIND(AA$1,'Export_Add_Proc_(DE1-11) NEW'!$D6)),0,1) -> 0 | AB6: =IF(ISERROR(FIND(AB$1,'Export_Add_Proc_(DE1-11) NEW'!$D6)),0,1) -> 0 | AC6: =IF(ISERROR(FIND(AC$1,'Export_Add_Proc_(DE1-11) NEW'!$D6)),0,1) -> 0 | AD6: =IF(ISERROR(FIND(AD$1,'Export_Add_Proc_(DE1-11) NEW'!$D6)),0,1) -> 0 | AE6: =IF(ISERROR(FIND(AE$1,'Export_Add_Proc_(DE1-11) NEW'!$D6)),0,1) -> 0 | ... AG6: =IF(ISERROR(FIND(AG$1,'Export_Add_Proc_(DE1-11) NEW'!$D6)),0,1) -> 0 | AH6: =IF(ISERROR(FIND(AH$1,'Export_Add_Proc_(DE1-11) NEW'!$E6)),0,1) -> 0 | AI6: =IF(ISERROR(FIND(AI$1,'Export_Add_Proc_(DE1-11) NEW'!$E6)),0,1) -> 1 | AJ6: =IF(ISERROR(FIND(AJ$1,'Export_Add_Proc_(DE1-11) NEW'!$E6)),0,1) -> 1 | AK6: =IF(ISERROR(FIND(AK$1,'Export_Add_Proc_(DE1-11) NEW'!$E6)),0,1) -> 0 | AL6: =IF(ISERROR(FIND(AL$1,'Export_Add_Proc_(DE1-11) NEW'!$E6)),0,1) -> 1 | AM6: =IF(ISERROR(FIND(AM$1,'Export_Add_Proc_(DE1-11) NEW'!$E6)),0,1) -> 1 | AN6: =IF(ISERROR(FIND(AN$1,'Export_Add_Proc_(DE1-11) NEW'!$E6)),0,1) -> 1 | AO6: =IF(ISERROR(FIND(AO$1,'Export_Add_Proc_(DE1-11) NEW'!$E6)),0,1) -> 1 | ... AQ6: =IF(ISERROR(FIND(AQ$1,'Export_Add_Proc_(DE1-11) NEW'!$E6)),0,1) -> 1 | AR6: =N6+X6+AH6 -> 1 | AS6: =O6+Y6+AI6 -> 1 | AT6: =P6+Z6+AJ6 -> 1 | AU6: =Q6+AA6+AK6 -> 1 | AV6: =R6+AB6+AL6 -> 1 | AW6: =S6+AC6+AM6 -> 1 | AX6: =T6+AD6+AN6 -> 1 | AY6: =U6+AE6+AO6 -> 1 | ... BA6: =W6+AG6+AQ6 -> 1
A7: ='Export_Add_Proc_(DE1-11) NEW'!A7 -> C12 | B7: ='Export_Add_Proc_(DE1-11) NEW'!B7 -> N | C7: =IF(AR7<>1,"*",IF(N7,"P",IF(X7,"R","N"))) -> P | D7: =IF(AS7<>1,"*",IF(O7,"P",IF(Y7,"R","N"))) -> N | E7: =IF(AT7<>1,"*",IF(P7,"P",IF(Z7,"R","N"))) -> P | F7: =IF(AU7<>1,"*",IF(Q7,"P",IF(AA7,"R","N"))) -> P | G7: =IF(AV7<>1,"*",IF(R7,"P",IF(AB7,"R","N"))) -> N | H7: =IF(AW7<>1,"*",IF(S7,"P",IF(AC7,"R","N"))) -> P | I7: =IF(AX7<>1,"*",IF(T7,"P",IF(AD7,"R","N"))) -> P | J7: =IF(AY7<>1,"*",IF(U7,"P",IF(AE7,"R","N"))) -> P | ... L7: =IF(BA7<>1,"*",IF(W7,"P",IF(AG7,"R","N"))) -> R | M7: =IF(ISBLANK('Export_Add_Proc_(DE1-11) NEW'!F7),"",'Export_Add_Proc_(DE1-11) NEW'!F7) -> EIDR can only be used with direct exports and when pre-departure dec is waived. | N7: =IF(ISERROR(FIND(N$1,'Export_Add_Proc_(DE1-11) NEW'!$C7)),0,1) -> 1 | O7: =IF(ISERROR(FIND(O$1,'Export_Add_Proc_(DE1-11) NEW'!$C7)),0,1) -> 0 | P7: =IF(ISERROR(FIND(P$1,'Export_Add_Proc_(DE1-11) NEW'!$C7)),0,1) -> 1 | Q7: =IF(ISERROR(FIND(Q$1,'Export_Add_Proc_(DE1-11) NEW'!$C7)),0,1) -> 1 | R7: =IF(ISERROR(FIND(R$1,'Export_Add_Proc_(DE1-11) NEW'!$C7)),0,1) -> 0 | S7: =IF(ISERROR(FIND(S$1,'Export_Add_Proc_(DE1-11) NEW'!$C7)),0,1) -> 1 | T7: =IF(ISERROR(FIND(T$1,'Export_Add_Proc_(DE1-11) NEW'!$C7)),0,1) -> 1 | U7: =IF(ISERROR(FIND(U$1,'Export_Add_Proc_(DE1-11) NEW'!$C7)),0,1) -> 1 | ... W7: =IF(ISERROR(FIND(W$1,'Export_Add_Proc_(DE1-11) NEW'!$C7)),0,1) -> 0 | X7: =IF(ISERROR(FIND(X$1,'Export_Add_Proc_(DE1-11) NEW'!$D7)),0,1) -> 0 | Y7: =IF(ISERROR(FIND(Y$1,'Export_Add_Proc_(DE1-11) NEW'!$D7)),0,1) -> 0 | Z7: =IF(ISERROR(FIND(Z$1,'Export_Add_Proc_(DE1-11) NEW'!$D7)),0,1) -> 0 | AA7: =IF(ISERROR(FIND(AA$1,'Export_Add_Proc_(DE1-11) NEW'!$D7)),0,1) -> 0 | AB7: =IF(ISERROR(FIND(AB$1,'Export_Add_Proc_(DE1-11) NEW'!$D7)),0,1) -> 0 | AC7: =IF(ISERROR(FIND(AC$1,'Export_Add_Proc_(DE1-11) NEW'!$D7)),0,1) -> 0 | AD7: =IF(ISERROR(FIND(AD$1,'Export_Add_Proc_(DE1-11) NEW'!$D7)),0,1) -> 0 | AE7: =IF(ISERROR(FIND(AE$1,'Export_Add_Proc_(DE1-11) NEW'!$D7)),0,1) -> 0 | ... AG7: =IF(ISERROR(FIND(AG$1,'Export_Add_Proc_(DE1-11) NEW'!$D7)),0,1) -> 1 | AH7: =IF(ISERROR(FIND(AH$1,'Export_Add_Proc_(DE1-11) NEW'!$E7)),0,1) -> 0 | AI7: =IF(ISERROR(FIND(AI$1,'Export_Add_Proc_(DE1-11) NEW'!$E7)),0,1) -> 1 | AJ7: =IF(ISERROR(FIND(AJ$1,'Export_Add_Proc_(DE1-11) NEW'!$E7)),0,1) -> 0 | AK7: =IF(ISERROR(FIND(AK$1,'Export_Add_Proc_(DE1-11) NEW'!$E7)),0,1) -> 0 | AL7: =IF(ISERROR(FIND(AL$1,'Export_Add_Proc_(DE1-11) NEW'!$E7)),0,1) -> 1 | AM7: =IF(ISERROR(FIND(AM$1,'Export_Add_Proc_(DE1-11) NEW'!$E7)),0,1) -> 0 | AN7: =IF(ISERROR(FIND(AN$1,'Export_Add_Proc_(DE1-11) NEW'!$E7)),0,1) -> 0 | AO7: =IF(ISERROR(FIND(AO$1,'Export_Add_Proc_(DE1-11) NEW'!$E7)),0,1) -> 0 | ... AQ7: =IF(ISERROR(FIND(AQ$1,'Export_Add_Proc_(DE1-11) NEW'!$E7)),0,1) -> 0 | AR7: =N7+X7+AH7 -> 1 | AS7: =O7+Y7+AI7 -> 1 | AT7: =P7+Z7+AJ7 -> 1 | AU7: =Q7+AA7+AK7 -> 1 | AV7: =R7+AB7+AL7 -> 1 | AW7: =S7+AC7+AM7 -> 1 | AX7: =T7+AD7+AN7 -> 1 | AY7: =U7+AE7+AO7 -> 1 | ... BA7: =W7+AG7+AQ7 -> 1
A8: ='Export_Add_Proc_(DE1-11) NEW'!A8 -> D01 | B8: ='Export_Add_Proc_(DE1-11) NEW'!B8 -> N | C8: =IF(AR8<>1,"*",IF(N8,"P",IF(X8,"R","N"))) -> P | D8: =IF(AS8<>1,"*",IF(O8,"P",IF(Y8,"R","N"))) -> N | E8: =IF(AT8<>1,"*",IF(P8,"P",IF(Z8,"R","N"))) -> P | F8: =IF(AU8<>1,"*",IF(Q8,"P",IF(AA8,"R","N"))) -> P | G8: =IF(AV8<>1,"*",IF(R8,"P",IF(AB8,"R","N"))) -> N | H8: =IF(AW8<>1,"*",IF(S8,"P",IF(AC8,"R","N"))) -> P | I8: =IF(AX8<>1,"*",IF(T8,"P",IF(AD8,"R","N"))) -> P | J8: =IF(AY8<>1,"*",IF(U8,"P",IF(AE8,"R","N"))) -> P | ... L8: =IF(BA8<>1,"*",IF(W8,"P",IF(AG8,"R","N"))) -> R | M8: =IF(ISBLANK('Export_Add_Proc_(DE1-11) NEW'!F8),"",'Export_Add_Proc_(DE1-11) NEW'!F8) -> See introduction to D series DE 1/11 notes for all restrictions on use of SDP & EIDR | N8: =IF(ISERROR(FIND(N$1,'Export_Add_Proc_(DE1-11) NEW'!$C8)),0,1) -> 1 | O8: =IF(ISERROR(FIND(O$1,'Export_Add_Proc_(DE1-11) NEW'!$C8)),0,1) -> 0 | P8: =IF(ISERROR(FIND(P$1,'Export_Add_Proc_(DE1-11) NEW'!$C8)),0,1) -> 1 | Q8: =IF(ISERROR(FIND(Q$1,'Export_Add_Proc_(DE1-11) NEW'!$C8)),0,1) -> 1 | R8: =IF(ISERROR(FIND(R$1,'Export_Add_Proc_(DE1-11) NEW'!$C8)),0,1) -> 0 | S8: =IF(ISERROR(FIND(S$1,'Export_Add_Proc_(DE1-11) NEW'!$C8)),0,1) -> 1 | T8: =IF(ISERROR(FIND(T$1,'Export_Add_Proc_(DE1-11) NEW'!$C8)),0,1) -> 1 | U8: =IF(ISERROR(FIND(U$1,'Export_Add_Proc_(DE1-11) NEW'!$C8)),0,1) -> 1 | ... W8: =IF(ISERROR(FIND(W$1,'Export_Add_Proc_(DE1-11) NEW'!$C8)),0,1) -> 0 | X8: =IF(ISERROR(FIND(X$1,'Export_Add_Proc_(DE1-11) NEW'!$D8)),0,1) -> 0 | Y8: =IF(ISERROR(FIND(Y$1,'Export_Add_Proc_(DE1-11) NEW'!$D8)),0,1) -> 0 | Z8: =IF(ISERROR(FIND(Z$1,'Export_Add_Proc_(DE1-11) NEW'!$D8)),0,1) -> 0 | AA8: =IF(ISERROR(FIND(AA$1,'Export_Add_Proc_(DE1-11) NEW'!$D8)),0,1) -> 0 | AB8: =IF(ISERROR(FIND(AB$1,'Export_Add_Proc_(DE1-11) NEW'!$D8)),0,1) -> 0 | AC8: =IF(ISERROR(FIND(AC$1,'Export_Add_Proc_(DE1-11) NEW'!$D8)),0,1) -> 0 | AD8: =IF(ISERROR(FIND(AD$1,'Export_Add_Proc_(DE1-11) NEW'!$D8)),0,1) -> 0 | AE8: =IF(ISERROR(FIND(AE$1,'Export_Add_Proc_(DE1-11) NEW'!$D8)),0,1) -> 0 | ... AG8: =IF(ISERROR(FIND(AG$1,'Export_Add_Proc_(DE1-11) NEW'!$D8)),0,1) -> 1 | AH8: =IF(ISERROR(FIND(AH$1,'Export_Add_Proc_(DE1-11) NEW'!$E8)),0,1) -> 0 | AI8: =IF(ISERROR(FIND(AI$1,'Export_Add_Proc_(DE1-11) NEW'!$E8)),0,1) -> 1 | AJ8: =IF(ISERROR(FIND(AJ$1,'Export_Add_Proc_(DE1-11) NEW'!$E8)),0,1) -> 0 | AK8: =IF(ISERROR(FIND(AK$1,'Export_Add_Proc_(DE1-11) NEW'!$E8)),0,1) -> 0 | AL8: =IF(ISERROR(FIND(AL$1,'Export_Add_Proc_(DE1-11) NEW'!$E8)),0,1) -> 1 | AM8: =IF(ISERROR(FIND(AM$1,'Export_Add_Proc_(DE1-11) NEW'!$E8)),0,1) -> 0 | AN8: =IF(ISERROR(FIND(AN$1,'Export_Add_Proc_(DE1-11) NEW'!$E8)),0,1) -> 0 | AO8: =IF(ISERROR(FIND(AO$1,'Export_Add_Proc_(DE1-11) NEW'!$E8)),0,1) -> 0 | ... AQ8: =IF(ISERROR(FIND(AQ$1,'Export_Add_Proc_(DE1-11) NEW'!$E8)),0,1) -> 0 | AR8: =N8+X8+AH8 -> 1 | AS8: =O8+Y8+AI8 -> 1 | AT8: =P8+Z8+AJ8 -> 1 | AU8: =Q8+AA8+AK8 -> 1 | AV8: =R8+AB8+AL8 -> 1 | AW8: =S8+AC8+AM8 -> 1 | AX8: =T8+AD8+AN8 -> 1 | AY8: =U8+AE8+AO8 -> 1 | ... BA8: =W8+AG8+AQ8 -> 1
A9: ='Export_Add_Proc_(DE1-11) NEW'!A9 -> D02 | B9: ='Export_Add_Proc_(DE1-11) NEW'!B9 -> N | C9: =IF(AR9<>1,"*",IF(N9,"P",IF(X9,"R","N"))) -> P | D9: =IF(AS9<>1,"*",IF(O9,"P",IF(Y9,"R","N"))) -> N | E9: =IF(AT9<>1,"*",IF(P9,"P",IF(Z9,"R","N"))) -> P | F9: =IF(AU9<>1,"*",IF(Q9,"P",IF(AA9,"R","N"))) -> P | G9: =IF(AV9<>1,"*",IF(R9,"P",IF(AB9,"R","N"))) -> N | H9: =IF(AW9<>1,"*",IF(S9,"P",IF(AC9,"R","N"))) -> P | I9: =IF(AX9<>1,"*",IF(T9,"P",IF(AD9,"R","N"))) -> P | J9: =IF(AY9<>1,"*",IF(U9,"P",IF(AE9,"R","N"))) -> P | ... L9: =IF(BA9<>1,"*",IF(W9,"P",IF(AG9,"R","N"))) -> R | M9: =IF(ISBLANK('Export_Add_Proc_(DE1-11) NEW'!F9),"",'Export_Add_Proc_(DE1-11) NEW'!F9) -> See introduction to D series DE 1/11 notes for all restrictions on use of SDP & EIDR | N9: =IF(ISERROR(FIND(N$1,'Export_Add_Proc_(DE1-11) NEW'!$C9)),0,1) -> 1 | O9: =IF(ISERROR(FIND(O$1,'Export_Add_Proc_(DE1-11) NEW'!$C9)),0,1) -> 0 | P9: =IF(ISERROR(FIND(P$1,'Export_Add_Proc_(DE1-11) NEW'!$C9)),0,1) -> 1 | Q9: =IF(ISERROR(FIND(Q$1,'Export_Add_Proc_(DE1-11) NEW'!$C9)),0,1) -> 1 | R9: =IF(ISERROR(FIND(R$1,'Export_Add_Proc_(DE1-11) NEW'!$C9)),0,1) -> 0 | S9: =IF(ISERROR(FIND(S$1,'Export_Add_Proc_(DE1-11) NEW'!$C9)),0,1) -> 1 | T9: =IF(ISERROR(FIND(T$1,'Export_Add_Proc_(DE1-11) NEW'!$C9)),0,1) -> 1 | U9: =IF(ISERROR(FIND(U$1,'Export_Add_Proc_(DE1-11) NEW'!$C9)),0,1) -> 1 | ... W9: =IF(ISERROR(FIND(W$1,'Export_Add_Proc_(DE1-11) NEW'!$C9)),0,1) -> 0 | X9: =IF(ISERROR(FIND(X$1,'Export_Add_Proc_(DE1-11) NEW'!$D9)),0,1) -> 0 | Y9: =IF(ISERROR(FIND(Y$1,'Export_Add_Proc_(DE1-11) NEW'!$D9)),0,1) -> 0 | Z9: =IF(ISERROR(FIND(Z$1,'Export_Add_Proc_(DE1-11) NEW'!$D9)),0,1) -> 0 | AA9: =IF(ISERROR(FIND(AA$1,'Export_Add_Proc_(DE1-11) NEW'!$D9)),0,1) -> 0 | AB9: =IF(ISERROR(FIND(AB$1,'Export_Add_Proc_(DE1-11) NEW'!$D9)),0,1) -> 0 | AC9: =IF(ISERROR(FIND(AC$1,'Export_Add_Proc_(DE1-11) NEW'!$D9)),0,1) -> 0 | AD9: =IF(ISERROR(FIND(AD$1,'Export_Add_Proc_(DE1-11) NEW'!$D9)),0,1) -> 0 | AE9: =IF(ISERROR(FIND(AE$1,'Export_Add_Proc_(DE1-11) NEW'!$D9)),0,1) -> 0 | ... AG9: =IF(ISERROR(FIND(AG$1,'Export_Add_Proc_(DE1-11) NEW'!$D9)),0,1) -> 1 | AH9: =IF(ISERROR(FIND(AH$1,'Export_Add_Proc_(DE1-11) NEW'!$E9)),0,1) -> 0 | AI9: =IF(ISERROR(FIND(AI$1,'Export_Add_Proc_(DE1-11) NEW'!$E9)),0,1) -> 1 | AJ9: =IF(ISERROR(FIND(AJ$1,'Export_Add_Proc_(DE1-11) NEW'!$E9)),0,1) -> 0 | AK9: =IF(ISERROR(FIND(AK$1,'Export_Add_Proc_(DE1-11) NEW'!$E9)),0,1) -> 0 | AL9: =IF(ISERROR(FIND(AL$1,'Export_Add_Proc_(DE1-11) NEW'!$E9)),0,1) -> 1 | AM9: =IF(ISERROR(FIND(AM$1,'Export_Add_Proc_(DE1-11) NEW'!$E9)),0,1) -> 0 | AN9: =IF(ISERROR(FIND(AN$1,'Export_Add_Proc_(DE1-11) NEW'!$E9)),0,1) -> 0 | AO9: =IF(ISERROR(FIND(AO$1,'Export_Add_Proc_(DE1-11) NEW'!$E9)),0,1) -> 0 | ... AQ9: =IF(ISERROR(FIND(AQ$1,'Export_Add_Proc_(DE1-11) NEW'!$E9)),0,1) -> 0 | AR9: =N9+X9+AH9 -> 1 | AS9: =O9+Y9+AI9 -> 1 | AT9: =P9+Z9+AJ9 -> 1 | AU9: =Q9+AA9+AK9 -> 1 | AV9: =R9+AB9+AL9 -> 1 | AW9: =S9+AC9+AM9 -> 1 | AX9: =T9+AD9+AN9 -> 1 | AY9: =U9+AE9+AO9 -> 1 | ... BA9: =W9+AG9+AQ9 -> 1
A10: ='Export_Add_Proc_(DE1-11) NEW'!A10 -> D03 | B10: ='Export_Add_Proc_(DE1-11) NEW'!B10 -> N | C10: =IF(AR10<>1,"*",IF(N10,"P",IF(X10,"R","N"))) -> P | D10: =IF(AS10<>1,"*",IF(O10,"P",IF(Y10,"R","N"))) -> N | E10: =IF(AT10<>1,"*",IF(P10,"P",IF(Z10,"R","N"))) -> P | F10: =IF(AU10<>1,"*",IF(Q10,"P",IF(AA10,"R","N"))) -> P | G10: =IF(AV10<>1,"*",IF(R10,"P",IF(AB10,"R","N"))) -> N | H10: =IF(AW10<>1,"*",IF(S10,"P",IF(AC10,"R","N"))) -> P | I10: =IF(AX10<>1,"*",IF(T10,"P",IF(AD10,"R","N"))) -> P | J10: =IF(AY10<>1,"*",IF(U10,"P",IF(AE10,"R","N"))) -> P | ... L10: =IF(BA10<>1,"*",IF(W10,"P",IF(AG10,"R","N"))) -> R | M10: =IF(ISBLANK('Export_Add_Proc_(DE1-11) NEW'!F10),"",'Export_Add_Proc_(DE1-11) NEW'!F10) -> See introduction to D series DE 1/11 notes for all restrictions on use of SDP & EIDR | N10: =IF(ISERROR(FIND(N$1,'Export_Add_Proc_(DE1-11) NEW'!$C10)),0,1) -> 1 | O10: =IF(ISERROR(FIND(O$1,'Export_Add_Proc_(DE1-11) NEW'!$C10)),0,1) -> 0 | P10: =IF(ISERROR(FIND(P$1,'Export_Add_Proc_(DE1-11) NEW'!$C10)),0,1) -> 1 | Q10: =IF(ISERROR(FIND(Q$1,'Export_Add_Proc_(DE1-11) NEW'!$C10)),0,1) -> 1 | R10: =IF(ISERROR(FIND(R$1,'Export_Add_Proc_(DE1-11) NEW'!$C10)),0,1) -> 0 | S10: =IF(ISERROR(FIND(S$1,'Export_Add_Proc_(DE1-11) NEW'!$C10)),0,1) -> 1 | T10: =IF(ISERROR(FIND(T$1,'Export_Add_Proc_(DE1-11) NEW'!$C10)),0,1) -> 1 | U10: =IF(ISERROR(FIND(U$1,'Export_Add_Proc_(DE1-11) NEW'!$C10)),0,1) -> 1 | ... W10: =IF(ISERROR(FIND(W$1,'Export_Add_Proc_(DE1-11) NEW'!$C10)),0,1) -> 0 | X10: =IF(ISERROR(FIND(X$1,'Export_Add_Proc_(DE1-11) NEW'!$D10)),0,1) -> 0 | Y10: =IF(ISERROR(FIND(Y$1,'Export_Add_Proc_(DE1-11) NEW'!$D10)),0,1) -> 0 | Z10: =IF(ISERROR(FIND(Z$1,'Export_Add_Proc_(DE1-11) NEW'!$D10)),0,1) -> 0 | AA10: =IF(ISERROR(FIND(AA$1,'Export_Add_Proc_(DE1-11) NEW'!$D10)),0,1) -> 0 | AB10: =IF(ISERROR(FIND(AB$1,'Export_Add_Proc_(DE1-11) NEW'!$D10)),0,1) -> 0 | AC10: =IF(ISERROR(FIND(AC$1,'Export_Add_Proc_(DE1-11) NEW'!$D10)),0,1) -> 0 | AD10: =IF(ISERROR(FIND(AD$1,'Export_Add_Proc_(DE1-11) NEW'!$D10)),0,1) -> 0 | AE10: =IF(ISERROR(FIND(AE$1,'Export_Add_Proc_(DE1-11) NEW'!$D10)),0,1) -> 0 | ... AG10: =IF(ISERROR(FIND(AG$1,'Export_Add_Proc_(DE1-11) NEW'!$D10)),0,1) -> 1 | AH10: =IF(ISERROR(FIND(AH$1,'Export_Add_Proc_(DE1-11) NEW'!$E10)),0,1) -> 0 | AI10: =IF(ISERROR(FIND(AI$1,'Export_Add_Proc_(DE1-11) NEW'!$E10)),0,1) -> 1 | AJ10: =IF(ISERROR(FIND(AJ$1,'Export_Add_Proc_(DE1-11) NEW'!$E10)),0,1) -> 0 | AK10: =IF(ISERROR(FIND(AK$1,'Export_Add_Proc_(DE1-11) NEW'!$E10)),0,1) -> 0 | AL10: =IF(ISERROR(FIND(AL$1,'Export_Add_Proc_(DE1-11) NEW'!$E10)),0,1) -> 1 | AM10: =IF(ISERROR(FIND(AM$1,'Export_Add_Proc_(DE1-11) NEW'!$E10)),0,1) -> 0 | AN10: =IF(ISERROR(FIND(AN$1,'Export_Add_Proc_(DE1-11) NEW'!$E10)),0,1) -> 0 | AO10: =IF(ISERROR(FIND(AO$1,'Export_Add_Proc_(DE1-11) NEW'!$E10)),0,1) -> 0 | ... AQ10: =IF(ISERROR(FIND(AQ$1,'Export_Add_Proc_(DE1-11) NEW'!$E10)),0,1) -> 0 | AR10: =N10+X10+AH10 -> 1 | AS10: =O10+Y10+AI10 -> 1 | AT10: =P10+Z10+AJ10 -> 1 | AU10: =Q10+AA10+AK10 -> 1 | AV10: =R10+AB10+AL10 -> 1 | AW10: =S10+AC10+AM10 -> 1 | AX10: =T10+AD10+AN10 -> 1 | AY10: =U10+AE10+AO10 -> 1 | ... BA10: =W10+AG10+AQ10 -> 1
A11: ='Export_Add_Proc_(DE1-11) NEW'!A11 -> D04 | B11: ='Export_Add_Proc_(DE1-11) NEW'!B11 -> N | C11: =IF(AR11<>1,"*",IF(N11,"P",IF(X11,"R","N"))) -> P | D11: =IF(AS11<>1,"*",IF(O11,"P",IF(Y11,"R","N"))) -> N | E11: =IF(AT11<>1,"*",IF(P11,"P",IF(Z11,"R","N"))) -> P | F11: =IF(AU11<>1,"*",IF(Q11,"P",IF(AA11,"R","N"))) -> P | G11: =IF(AV11<>1,"*",IF(R11,"P",IF(AB11,"R","N"))) -> N | H11: =IF(AW11<>1,"*",IF(S11,"P",IF(AC11,"R","N"))) -> P | I11: =IF(AX11<>1,"*",IF(T11,"P",IF(AD11,"R","N"))) -> P | J11: =IF(AY11<>1,"*",IF(U11,"P",IF(AE11,"R","N"))) -> P | ... L11: =IF(BA11<>1,"*",IF(W11,"P",IF(AG11,"R","N"))) -> R | M11: =IF(ISBLANK('Export_Add_Proc_(DE1-11) NEW'!F11),"",'Export_Add_Proc_(DE1-11) NEW'!F11) -> See introduction to D series DE 1/11 notes for all restrictions on use of SDP & EIDR | N11: =IF(ISERROR(FIND(N$1,'Export_Add_Proc_(DE1-11) NEW'!$C11)),0,1) -> 1 | O11: =IF(ISERROR(FIND(O$1,'Export_Add_Proc_(DE1-11) NEW'!$C11)),0,1) -> 0 | P11: =IF(ISERROR(FIND(P$1,'Export_Add_Proc_(DE1-11) NEW'!$C11)),0,1) -> 1 | Q11: =IF(ISERROR(FIND(Q$1,'Export_Add_Proc_(DE1-11) NEW'!$C11)),0,1) -> 1 | R11: =IF(ISERROR(FIND(R$1,'Export_Add_Proc_(DE1-11) NEW'!$C11)),0,1) -> 0 | S11: =IF(ISERROR(FIND(S$1,'Export_Add_Proc_(DE1-11) NEW'!$C11)),0,1) -> 1 | T11: =IF(ISERROR(FIND(T$1,'Export_Add_Proc_(DE1-11) NEW'!$C11)),0,1) -> 1 | U11: =IF(ISERROR(FIND(U$1,'Export_Add_Proc_(DE1-11) NEW'!$C11)),0,1) -> 1 | ... W11: =IF(ISERROR(FIND(W$1,'Export_Add_Proc_(DE1-11) NEW'!$C11)),0,1) -> 0 | X11: =IF(ISERROR(FIND(X$1,'Export_Add_Proc_(DE1-11) NEW'!$D11)),0,1) -> 0 | Y11: =IF(ISERROR(FIND(Y$1,'Export_Add_Proc_(DE1-11) NEW'!$D11)),0,1) -> 0 | Z11: =IF(ISERROR(FIND(Z$1,'Export_Add_Proc_(DE1-11) NEW'!$D11)),0,1) -> 0 | AA11: =IF(ISERROR(FIND(AA$1,'Export_Add_Proc_(DE1-11) NEW'!$D11)),0,1) -> 0 | AB11: =IF(ISERROR(FIND(AB$1,'Export_Add_Proc_(DE1-11) NEW'!$D11)),0,1) -> 0 | AC11: =IF(ISERROR(FIND(AC$1,'Export_Add_Proc_(DE1-11) NEW'!$D11)),0,1) -> 0 | AD11: =IF(ISERROR(FIND(AD$1,'Export_Add_Proc_(DE1-11) NEW'!$D11)),0,1) -> 0 | AE11: =IF(ISERROR(FIND(AE$1,'Export_Add_Proc_(DE1-11) NEW'!$D11)),0,1) -> 0 | ... AG11: =IF(ISERROR(FIND(AG$1,'Export_Add_Proc_(DE1-11) NEW'!$D11)),0,1) -> 1 | AH11: =IF(ISERROR(FIND(AH$1,'Export_Add_Proc_(DE1-11) NEW'!$E11)),0,1) -> 0 | AI11: =IF(ISERROR(FIND(AI$1,'Export_Add_Proc_(DE1-11) NEW'!$E11)),0,1) -> 1 | AJ11: =IF(ISERROR(FIND(AJ$1,'Export_Add_Proc_(DE1-11) NEW'!$E11)),0,1) -> 0 | AK11: =IF(ISERROR(FIND(AK$1,'Export_Add_Proc_(DE1-11) NEW'!$E11)),0,1) -> 0 | AL11: =IF(ISERROR(FIND(AL$1,'Export_Add_Proc_(DE1-11) NEW'!$E11)),0,1) -> 1 | AM11: =IF(ISERROR(FIND(AM$1,'Export_Add_Proc_(DE1-11) NEW'!$E11)),0,1) -> 0 | AN11: =IF(ISERROR(FIND(AN$1,'Export_Add_Proc_(DE1-11) NEW'!$E11)),0,1) -> 0 | AO11: =IF(ISERROR(FIND(AO$1,'Export_Add_Proc_(DE1-11) NEW'!$E11)),0,1) -> 0 | ... AQ11: =IF(ISERROR(FIND(AQ$1,'Export_Add_Proc_(DE1-11) NEW'!$E11)),0,1) -> 0 | AR11: =N11+X11+AH11 -> 1 | AS11: =O11+Y11+AI11 -> 1 | AT11: =P11+Z11+AJ11 -> 1 | AU11: =Q11+AA11+AK11 -> 1 | AV11: =R11+AB11+AL11 -> 1 | AW11: =S11+AC11+AM11 -> 1 | AX11: =T11+AD11+AN11 -> 1 | AY11: =U11+AE11+AO11 -> 1 | ... BA11: =W11+AG11+AQ11 -> 1
A12: ='Export_Add_Proc_(DE1-11) NEW'!A12 -> D05 | B12: ='Export_Add_Proc_(DE1-11) NEW'!B12 -> N | C12: =IF(AR12<>1,"*",IF(N12,"P",IF(X12,"R","N"))) -> P | D12: =IF(AS12<>1,"*",IF(O12,"P",IF(Y12,"R","N"))) -> N | E12: =IF(AT12<>1,"*",IF(P12,"P",IF(Z12,"R","N"))) -> P | F12: =IF(AU12<>1,"*",IF(Q12,"P",IF(AA12,"R","N"))) -> P | G12: =IF(AV12<>1,"*",IF(R12,"P",IF(AB12,"R","N"))) -> N | H12: =IF(AW12<>1,"*",IF(S12,"P",IF(AC12,"R","N"))) -> P | I12: =IF(AX12<>1,"*",IF(T12,"P",IF(AD12,"R","N"))) -> P | J12: =IF(AY12<>1,"*",IF(U12,"P",IF(AE12,"R","N"))) -> P | ... L12: =IF(BA12<>1,"*",IF(W12,"P",IF(AG12,"R","N"))) -> R | M12: =IF(ISBLANK('Export_Add_Proc_(DE1-11) NEW'!F12),"",'Export_Add_Proc_(DE1-11) NEW'!F12) -> See introduction to D series DE 1/11 notes for all restrictions on use of SDP & EIDR | N12: =IF(ISERROR(FIND(N$1,'Export_Add_Proc_(DE1-11) NEW'!$C12)),0,1) -> 1 | O12: =IF(ISERROR(FIND(O$1,'Export_Add_Proc_(DE1-11) NEW'!$C12)),0,1) -> 0 | P12: =IF(ISERROR(FIND(P$1,'Export_Add_Proc_(DE1-11) NEW'!$C12)),0,1) -> 1 | Q12: =IF(ISERROR(FIND(Q$1,'Export_Add_Proc_(DE1-11) NEW'!$C12)),0,1) -> 1 | R12: =IF(ISERROR(FIND(R$1,'Export_Add_Proc_(DE1-11) NEW'!$C12)),0,1) -> 0 | S12: =IF(ISERROR(FIND(S$1,'Export_Add_Proc_(DE1-11) NEW'!$C12)),0,1) -> 1 | T12: =IF(ISERROR(FIND(T$1,'Export_Add_Proc_(DE1-11) NEW'!$C12)),0,1) -> 1 | U12: =IF(ISERROR(FIND(U$1,'Export_Add_Proc_(DE1-11) NEW'!$C12)),0,1) -> 1 | ... W12: =IF(ISERROR(FIND(W$1,'Export_Add_Proc_(DE1-11) NEW'!$C12)),0,1) -> 0 | X12: =IF(ISERROR(FIND(X$1,'Export_Add_Proc_(DE1-11) NEW'!$D12)),0,1) -> 0 | Y12: =IF(ISERROR(FIND(Y$1,'Export_Add_Proc_(DE1-11) NEW'!$D12)),0,1) -> 0 | Z12: =IF(ISERROR(FIND(Z$1,'Export_Add_Proc_(DE1-11) NEW'!$D12)),0,1) -> 0 | AA12: =IF(ISERROR(FIND(AA$1,'Export_Add_Proc_(DE1-11) NEW'!$D12)),0,1) -> 0 | AB12: =IF(ISERROR(FIND(AB$1,'Export_Add_Proc_(DE1-11) NEW'!$D12)),0,1) -> 0 | AC12: =IF(ISERROR(FIND(AC$1,'Export_Add_Proc_(DE1-11) NEW'!$D12)),0,1) -> 0 | AD12: =IF(ISERROR(FIND(AD$1,'Export_Add_Proc_(DE1-11) NEW'!$D12)),0,1) -> 0 | AE12: =IF(ISERROR(FIND(AE$1,'Export_Add_Proc_(DE1-11) NEW'!$D12)),0,1) -> 0 | ... AG12: =IF(ISERROR(FIND(AG$1,'Export_Add_Proc_(DE1-11) NEW'!$D12)),0,1) -> 1 | AH12: =IF(ISERROR(FIND(AH$1,'Export_Add_Proc_(DE1-11) NEW'!$E12)),0,1) -> 0 | AI12: =IF(ISERROR(FIND(AI$1,'Export_Add_Proc_(DE1-11) NEW'!$E12)),0,1) -> 1 | AJ12: =IF(ISERROR(FIND(AJ$1,'Export_Add_Proc_(DE1-11) NEW'!$E12)),0,1) -> 0 | AK12: =IF(ISERROR(FIND(AK$1,'Export_Add_Proc_(DE1-11) NEW'!$E12)),0,1) -> 0 | AL12: =IF(ISERROR(FIND(AL$1,'Export_Add_Proc_(DE1-11) NEW'!$E12)),0,1) -> 1 | AM12: =IF(ISERROR(FIND(AM$1,'Export_Add_Proc_(DE1-11) NEW'!$E12)),0,1) -> 0 | AN12: =IF(ISERROR(FIND(AN$1,'Export_Add_Proc_(DE1-11) NEW'!$E12)),0,1) -> 0 | AO12: =IF(ISERROR(FIND(AO$1,'Export_Add_Proc_(DE1-11) NEW'!$E12)),0,1) -> 0 | ... AQ12: =IF(ISERROR(FIND(AQ$1,'Export_Add_Proc_(DE1-11) NEW'!$E12)),0,1) -> 0 | AR12: =N12+X12+AH12 -> 1 | AS12: =O12+Y12+AI12 -> 1 | AT12: =P12+Z12+AJ12 -> 1 | AU12: =Q12+AA12+AK12 -> 1 | AV12: =R12+AB12+AL12 -> 1 | AW12: =S12+AC12+AM12 -> 1 | AX12: =T12+AD12+AN12 -> 1 | AY12: =U12+AE12+AO12 -> 1 | ... BA12: =W12+AG12+AQ12 -> 1
A13: ='Export_Add_Proc_(DE1-11) NEW'!A13 -> D06 | B13: ='Export_Add_Proc_(DE1-11) NEW'!B13 -> N | C13: =IF(AR13<>1,"*",IF(N13,"P",IF(X13,"R","N"))) -> P | D13: =IF(AS13<>1,"*",IF(O13,"P",IF(Y13,"R","N"))) -> N | E13: =IF(AT13<>1,"*",IF(P13,"P",IF(Z13,"R","N"))) -> P | F13: =IF(AU13<>1,"*",IF(Q13,"P",IF(AA13,"R","N"))) -> P | G13: =IF(AV13<>1,"*",IF(R13,"P",IF(AB13,"R","N"))) -> N | H13: =IF(AW13<>1,"*",IF(S13,"P",IF(AC13,"R","N"))) -> P | I13: =IF(AX13<>1,"*",IF(T13,"P",IF(AD13,"R","N"))) -> P | J13: =IF(AY13<>1,"*",IF(U13,"P",IF(AE13,"R","N"))) -> P | ... L13: =IF(BA13<>1,"*",IF(W13,"P",IF(AG13,"R","N"))) -> R | M13: =IF(ISBLANK('Export_Add_Proc_(DE1-11) NEW'!F13),"",'Export_Add_Proc_(DE1-11) NEW'!F13) -> See introduction to D series DE 1/11 notes for all restrictions on use of SDP & EIDR | N13: =IF(ISERROR(FIND(N$1,'Export_Add_Proc_(DE1-11) NEW'!$C13)),0,1) -> 1 | O13: =IF(ISERROR(FIND(O$1,'Export_Add_Proc_(DE1-11) NEW'!$C13)),0,1) -> 0 | P13: =IF(ISERROR(FIND(P$1,'Export_Add_Proc_(DE1-11) NEW'!$C13)),0,1) -> 1 | Q13: =IF(ISERROR(FIND(Q$1,'Export_Add_Proc_(DE1-11) NEW'!$C13)),0,1) -> 1 | R13: =IF(ISERROR(FIND(R$1,'Export_Add_Proc_(DE1-11) NEW'!$C13)),0,1) -> 0 | S13: =IF(ISERROR(FIND(S$1,'Export_Add_Proc_(DE1-11) NEW'!$C13)),0,1) -> 1 | T13: =IF(ISERROR(FIND(T$1,'Export_Add_Proc_(DE1-11) NEW'!$C13)),0,1) -> 1 | U13: =IF(ISERROR(FIND(U$1,'Export_Add_Proc_(DE1-11) NEW'!$C13)),0,1) -> 1 | ... W13: =IF(ISERROR(FIND(W$1,'Export_Add_Proc_(DE1-11) NEW'!$C13)),0,1) -> 0 | X13: =IF(ISERROR(FIND(X$1,'Export_Add_Proc_(DE1-11) NEW'!$D13)),0,1) -> 0 | Y13: =IF(ISERROR(FIND(Y$1,'Export_Add_Proc_(DE1-11) NEW'!$D13)),0,1) -> 0 | Z13: =IF(ISERROR(FIND(Z$1,'Export_Add_Proc_(DE1-11) NEW'!$D13)),0,1) -> 0 | AA13: =IF(ISERROR(FIND(AA$1,'Export_Add_Proc_(DE1-11) NEW'!$D13)),0,1) -> 0 | AB13: =IF(ISERROR(FIND(AB$1,'Export_Add_Proc_(DE1-11) NEW'!$D13)),0,1) -> 0 | AC13: =IF(ISERROR(FIND(AC$1,'Export_Add_Proc_(DE1-11) NEW'!$D13)),0,1) -> 0 | AD13: =IF(ISERROR(FIND(AD$1,'Export_Add_Proc_(DE1-11) NEW'!$D13)),0,1) -> 0 | AE13: =IF(ISERROR(FIND(AE$1,'Export_Add_Proc_(DE1-11) NEW'!$D13)),0,1) -> 0 | ... AG13: =IF(ISERROR(FIND(AG$1,'Export_Add_Proc_(DE1-11) NEW'!$D13)),0,1) -> 1 | AH13: =IF(ISERROR(FIND(AH$1,'Export_Add_Proc_(DE1-11) NEW'!$E13)),0,1) -> 0 | AI13: =IF(ISERROR(FIND(AI$1,'Export_Add_Proc_(DE1-11) NEW'!$E13)),0,1) -> 1 | AJ13: =IF(ISERROR(FIND(AJ$1,'Export_Add_Proc_(DE1-11) NEW'!$E13)),0,1) -> 0 | AK13: =IF(ISERROR(FIND(AK$1,'Export_Add_Proc_(DE1-11) NEW'!$E13)),0,1) -> 0 | AL13: =IF(ISERROR(FIND(AL$1,'Export_Add_Proc_(DE1-11) NEW'!$E13)),0,1) -> 1 | AM13: =IF(ISERROR(FIND(AM$1,'Export_Add_Proc_(DE1-11) NEW'!$E13)),0,1) -> 0 | AN13: =IF(ISERROR(FIND(AN$1,'Export_Add_Proc_(DE1-11) NEW'!$E13)),0,1) -> 0 | AO13: =IF(ISERROR(FIND(AO$1,'Export_Add_Proc_(DE1-11) NEW'!$E13)),0,1) -> 0 | ... AQ13: =IF(ISERROR(FIND(AQ$1,'Export_Add_Proc_(DE1-11) NEW'!$E13)),0,1) -> 0 | AR13: =N13+X13+AH13 -> 1 | AS13: =O13+Y13+AI13 -> 1 | AT13: =P13+Z13+AJ13 -> 1 | AU13: =Q13+AA13+AK13 -> 1 | AV13: =R13+AB13+AL13 -> 1 | AW13: =S13+AC13+AM13 -> 1 | AX13: =T13+AD13+AN13 -> 1 | AY13: =U13+AE13+AO13 -> 1 | ... BA13: =W13+AG13+AQ13 -> 1
... A300: ='Export_Add_Proc_(DE1-11) NEW'!A300 | B300: ='Export_Add_Proc_(DE1-11) NEW'!B300 | C300: =IF(AR300<>1,"*",IF(N300,"P",IF(X300,"R","N"))) -> * | D300: =IF(AS300<>1,"*",IF(O300,"P",IF(Y300,"R","N"))) -> * | E300: =IF(AT300<>1,"*",IF(P300,"P",IF(Z300,"R","N"))) -> * | F300: =IF(AU300<>1,"*",IF(Q300,"P",IF(AA300,"R","N"))) -> * | G300: =IF(AV300<>1,"*",IF(R300,"P",IF(AB300,"R","N"))) -> * | H300: =IF(AW300<>1,"*",IF(S300,"P",IF(AC300,"R","N"))) -> * | I300: =IF(AX300<>1,"*",IF(T300,"P",IF(AD300,"R","N"))) -> * | J300: =IF(AY300<>1,"*",IF(U300,"P",IF(AE300,"R","N"))) -> * | ... L300: =IF(BA300<>1,"*",IF(W300,"P",IF(AG300,"R","N"))) -> * | M300: =IF(ISBLANK('Export_Add_Proc_(DE1-11) NEW'!F300),"",'Export_Add_Proc_(DE1-11) NEW'!F300) | N300: =IF(ISERROR(FIND(N$1,'Export_Add_Proc_(DE1-11) NEW'!$C300)),0,1) -> 0 | O300: =IF(ISERROR(FIND(O$1,'Export_Add_Proc_(DE1-11) NEW'!$C300)),0,1) -> 0 | P300: =IF(ISERROR(FIND(P$1,'Export_Add_Proc_(DE1-11) NEW'!$C300)),0,1) -> 0 | Q300: =IF(ISERROR(FIND(Q$1,'Export_Add_Proc_(DE1-11) NEW'!$C300)),0,1) -> 0 | R300: =IF(ISERROR(FIND(R$1,'Export_Add_Proc_(DE1-11) NEW'!$C300)),0,1) -> 0 | S300: =IF(ISERROR(FIND(S$1,'Export_Add_Proc_(DE1-11) NEW'!$C300)),0,1) -> 0 | T300: =IF(ISERROR(FIND(T$1,'Export_Add_Proc_(DE1-11) NEW'!$C300)),0,1) -> 0 | U300: =IF(ISERROR(FIND(U$1,'Export_Add_Proc_(DE1-11) NEW'!$C300)),0,1) -> 0 | ... W300: =IF(ISERROR(FIND(W$1,'Export_Add_Proc_(DE1-11) NEW'!$C300)),0,1) -> 0 | X300: =IF(ISERROR(FIND(X$1,'Export_Add_Proc_(DE1-11) NEW'!$D300)),0,1) -> 0 | Y300: =IF(ISERROR(FIND(Y$1,'Export_Add_Proc_(DE1-11) NEW'!$D300)),0,1) -> 0 | Z300: =IF(ISERROR(FIND(Z$1,'Export_Add_Proc_(DE1-11) NEW'!$D300)),0,1) -> 0 | AA300: =IF(ISERROR(FIND(AA$1,'Export_Add_Proc_(DE1-11) NEW'!$D300)),0,1) -> 0 | AB300: =IF(ISERROR(FIND(AB$1,'Export_Add_Proc_(DE1-11) NEW'!$D300)),0,1) -> 0 | AC300: =IF(ISERROR(FIND(AC$1,'Export_Add_Proc_(DE1-11) NEW'!$D300)),0,1) -> 0 | AD300: =IF(ISERROR(FIND(AD$1,'Export_Add_Proc_(DE1-11) NEW'!$D300)),0,1) -> 0 | AE300: =IF(ISERROR(FIND(AE$1,'Export_Add_Proc_(DE1-11) NEW'!$D300)),0,1) -> 0 | ... AG300: =IF(ISERROR(FIND(AG$1,'Export_Add_Proc_(DE1-11) NEW'!$D300)),0,1) -> 0 | AH300: =IF(ISERROR(FIND(AH$1,'Export_Add_Proc_(DE1-11) NEW'!$E300)),0,1) -> 0 | AI300: =IF(ISERROR(FIND(AI$1,'Export_Add_Proc_(DE1-11) NEW'!$E300)),0,1) -> 0 | AJ300: =IF(ISERROR(FIND(AJ$1,'Export_Add_Proc_(DE1-11) NEW'!$E300)),0,1) -> 0 | AK300: =IF(ISERROR(FIND(AK$1,'Export_Add_Proc_(DE1-11) NEW'!$E300)),0,1) -> 0 | AL300: =IF(ISERROR(FIND(AL$1,'Export_Add_Proc_(DE1-11) NEW'!$E300)),0,1) -> 0 | AM300: =IF(ISERROR(FIND(AM$1,'Export_Add_Proc_(DE1-11) NEW'!$E300)),0,1) -> 0 | AN300: =IF(ISERROR(FIND(AN$1,'Export_Add_Proc_(DE1-11) NEW'!$E300)),0,1) -> 0 | AO300: =IF(ISERROR(FIND(AO$1,'Export_Add_Proc_(DE1-11) NEW'!$E300)),0,1) -> 0 | ... AQ300: =IF(ISERROR(FIND(AQ$1,'Export_Add_Proc_(DE1-11) NEW'!$E300)),0,1) -> 0 | AR300: =N300+X300+AH300 -> 0 | AS300: =O300+Y300+AI300 -> 0 | AT300: =P300+Z300+AJ300 -> 0 | AU300: =Q300+AA300+AK300 -> 0 | AV300: =R300+AB300+AL300 -> 0 | AW300: =S300+AC300+AM300 -> 0 | AX300: =T300+AD300+AN300 -> 0 | AY300: =U300+AE300+AO300 -> 0 | ... BA300: =W300+AG300+AQ300 -> 0
